AlB12,2,Al B,1 12,0.867076923,2239.19,0,2.006923077,0.114581823,3,0,3.01E+11,65.01852262,IM,IM,0,1,0,2,,____,,
B4Co,2,B Co ,4 1,0.9062,2232,3.456,2.008,0.064,4.2,2.4,2.92E+11,56,IM,IM,0,1,0,2,,____,,
AlB2,2,Al B,1 2,1.024,1876.49,0,1.896666667,0.202703944,3,0,2.39E+11,115.0227031,IM,IM,0,1,0,2,,____,,
B6Co2Nb2,3,B Co Nb,6 2 2,1.028,2312.4,8.138784184,1.92,0.171580885,4.6,2.332380758,2.62E+11,71.10555534,IM,IM,0,1,0,2,,____,,
HfB2,2,Hf B,1 2,1.072666667,2400.666667,3.456966486,1.793333333,0.348839345,3.333333333,0.471404521,2.50E+11,98.99494937,IM,IM,0,1,0,2,,____,,
B2NiTa,3,B Ni Ta,2 1 1,1.079,2428.5,9.380206887,1.8725,0.221514672,5.25,2.861380786,2.55E+11,65.38348415,IM,IM,0,1,0,2,,____,,
B2CoNb,3,B Co Nb,2 1 1,1.08,2303.5,9.573115023,1.89,0.179722008,5,2.449489743,2.48E+11,72.5861557,IM,IM,0,1,0,2,,____,,
B4Fe4Nd,3,B Fe Nd,4 4 1,1.098222222,1992.222222,8.277252404,1.846666667,0.268741925,5.222222222,2.484519975,2.21E+11,97.36985616,IM,IM,0,1,0,2,,____,,
BNi2,2,B Ni,1 2,1.104,1934.666667,1.257078722,1.953333333,0.061282588,7.666666667,3.299831646,2.27E+11,65.99663291,IM,IM,0,1,0,2,,____,,
BCr2,2,B Cr,1 2,1.106,2236,1.623726683,1.786666667,0.179133718,5,1.414213562,2.13E+11,75.42472333,IM,IM,0,1,0,2,,____,,
BCo2,2,B Co ,1 2,1.107333333,1961.333333,1.257078722,1.933333333,0.075424723,7,2.828427125,2.27E+11,65.99663291,IM,IM,0,1,0,2,,____,,
CoFeSiB,4,Co Fe Si B,1 1 1 1,1.11625,1903.5,10.4208325,1.9125,0.077902182,6,2.549509757,1.93E+11,79.8044485,AM,AM,1,0,0,1,18,11,,
B2Mo2Ni,3,B Mo Ni,2 2 1,1.1224,2443.2,7.369394005,2.062,0.093037627,5.6,2.576819745,2.56E+11,55.35341001,IM,IM,0,1,0,2,,____,,
Co43Fe20Ta5.5B31.5,4,Co Fe Ta B,43 20 5.5 31.5,1.12308,2043.01,8.474458371,1.8995,0.126987204,6.69,2.661559693,2.23E+11,65.95271033,AM,AM,1,0,0,1,52,1,,
B2CoMo2,3,B Co Mo,2 1 2,1.1234,2451.2,7.720965743,2.056,0.10307279,5.4,2.244994432,2.56E+11,55.35341001,IM,IM,0,1,0,2,,____,,
B2CoW2,3,B Co W,2 1 2,1.125,2770.8,7.772270711,2.136,0.192,5.4,2.244994432,2.88E+11,54.18486874,IM,IM,0,1,0,2,,12,,
BNi3,2,B Ni,1 3,1.1395,1883,2.598076211,1.9425,0.056291651,8.25,3.031088913,2.15E+11,60.62177826,IM,IM,0,1,0,2,,____,,
B6CaNi11,3,B Ca Ni,6 1 11,1.144555556,1900.611111,2.913089698,1.902777778,0.227127119,7.222222222,3.48895966,2.18E+11,81.20833215,IM,IM,0,1,0,2,,____,,
BCoMo,3,B Co Mo,1 1 1,1.144666667,2337.333333,8.034647195,2.026666667,0.11469767,6,2.449489743,2.43E+11,57.92715732,IM,IM,0,1,0,2,,____,,
Be17Ti2,2,Be Ti,17 2,1.163157895,1600.105263,5.738289152,1.566842105,0.009206766,2.210526316,0.61378441,1.28E+11,6.1378441,IM,IM,0,1,0,2,,____,,
B3FeNd2,3,B Fe Nd,3 1 2,1.1635,1907.166667,11.31019182,1.705,0.406355755,3.833333333,1.863389981,1.99E+11,129.4488316,IM,IM,0,1,0,2,,____,,
B6Ni21Sb2,3,B Ni Sb,6 21 2,1.163655172,1799.433103,6.598398972,1.946551724,0.059264216,8.206896552,2.940552497,1.99E+11,70.64217076,IM,IM,0,1,0,2,,____,,
B6Mn2Ni21,3,B Mn Ni,6 2 21,1.165034483,1841.862069,3.663758269,1.912068966,0.111490816,8.344827586,2.831788299,2.05E+11,60.72099504,IM,IM,0,1,0,2,,____,,
B2Co3Zr,3,B Co Zr,2 3 1,1.166,2021.333333,10.7038639,1.841666667,0.239751028,6.166666667,2.852873795,2.08E+11,87.80030038,IM,IM,0,1,0,2,,____,,
B6Co21V2,3,B Co V,6 21 2,1.166310345,1916.62069,3.414507961,1.895862069,0.096722755,7.482758621,2.499940546,2.08E+11,57.63471011,IM,IM,0,1,0,2,,____,,
B6Co21Sb2,3,B Co Sb,6 21 2,1.167275862,1828.398621,6.937889802,1.924827586,0.07266459,7.482758621,2.499940546,1.99E+11,70.64217076,IM,IM,0,1,0,2,,____,,
B6Ni21Ta2,3,B Ni Ta,6 21 2,1.170551724,1964,3.900508322,1.90862069,0.122832214,8.206896552,2.940552497,2.10E+11,56.23121962,IM,IM,0,1,0,2,,____,,
Al2B6Co20,3,Al B Co,2 6 20,1.171571429,1832.676429,3.130342164,1.895,0.102312546,7.285714286,2.710523709,2.03E+11,66.80645209,IM,IM,0,1,0,2,,____,,
B4InNi15,3,B In Ni,4 1 15,1.1765,1787.0875,5.96951581,1.9295,0.062006048,8.25,3.031088913,2.01E+11,67.59068148,IM,IM,0,1,0,2,,____,,
AlB2Ni7,3,Al B Ni,1 2 7,1.1794,1772.547,3.285848444,1.906,0.111193525,7.9,3.207802986,1.98E+11,68.49700723,IM,IM,0,1,0,2,,____,,
B6Ni20Ti3,3,B Ni Ti,6 20 3,1.180206897,1878.310345,4.939410257,1.89862069,0.132397628,7.931034483,3.095391842,2.02E+11,63.95413041,IM,IM,0,1,0,2,,____,,
AuBe5,2,Au Be,1 5,1.180333333,1522.888333,0,1.731666667,0.361497656,3.5,3.354101966,1.45E+11,33.54101966,IM,IM,0,1,0,2,,12,,
B6Hf2Ni21,3,B Hf Ni,6 2 21,1.180758621,1909.931034,5.926296753,1.894827586,0.170083563,8.137931034,3.025456796,2.04E+11,61.72895377,IM,IM,0,1,0,2,,____,,
FeSi2,2,Fe Si,1 2,1.182333333,1728.333333,1.833239803,1.876666667,0.032998316,5.333333333,1.885618083,1.23E+11,32.99831646,IM,IM,0,1,0,2,,____,,
B6Ni21Zr2,3,B Ni Zr,6 21 2,1.182482759,1883.862069,7.095015022,1.896896552,0.162864518,8.137931034,3.025456796,2.01E+11,66.46445502,IM,IM,0,1,0,2,,____,,
B6Ni21Sn2,3,B Ni Sn,6 21 2,1.183655172,1771.936552,5.867272128,1.940344828,0.052422867,8.137931034,3.025456796,2.01E+11,68.25893207,IM,IM,0,1,0,2,,____,,
CrSi2,2,Cr Si,1 2,1.185,1851.333333,1.937996363,1.82,0.113137085,4.666666667,0.942809042,1.20E+11,28.28427125,IM,IM,0,1,0,2,,____,,
Fe81Si2B13Nb3Cu1,5,Fe Si B Nb Cu,81 2 13 3 1,1.19052,1901.9677,5.619381257,1.8525,0.083431109,7.21,1.818213409,1.88E+11,52.1071972,BCC,SS,0,0,1,3,18,11,,
Co63Fe9Zr8B20,4,Co Fe Zr B,63 9 8 20,1.19206,1916.67,9.010911186,1.8635,0.171092811,7.31,2.536513355,1.98E+11,67.41701895,AM,AM,1,0,0,1,33,9,,
B6Co20In3,3,B Co In,6 20 3,1.193793103,1749.560345,8.081578298,1.902758621,0.076243555,7.137931034,2.775808524,1.94E+11,78.04050698,IM,IM,0,1,0,2,,____,,
B2MgNi7,3,B Mg Ni,2 1 7,1.1963,1771.5,4.722087674,1.876,0.195509591,7.8,3.370459909,1.95E+11,74.37909653,IM,IM,0,1,0,2,,____,,
FeSi2,2,Fe Si,1 1,1.197,1749,0,1.865,0.035,6,2,1.35E+11,35,IM,IM,0,1,0,2,,____,,
Fe73.5Si13.5B9Nb3Cu,5,Fe Si B Nb Cu,73.5 13.5 9 3 1,1.19724,1866.2277,5.673844957,1.85215,0.075999194,6.95,1.9150718,1.74E+11,51.78259843,BCC,SS,0,0,1,3,18,11,,
Cr55Co24Nb7B14,4,Cr Co Nb B,55 24 7 14,1.20202,2144.54,7.83184931,1.7618,0.147379646,6.23,1.853941747,1.88E+11,53.93134525,AM,AM,1,0,0,1,55,1,,
Cr50Co29Nb7B14,4,Cr Co Nb B,50 29 7 14,1.20212,2123.94,8.003736406,1.7728,0.147581029,6.38,1.948229966,1.89E+11,53.58908471,AM,AM,1,0,0,1,55,1,,
Cr45Co34Nb7B14,4,Cr Co Nb B,45 34 7 14,1.20222,2103.34,8.090024941,1.7838,0.146961083,6.53,2.027091512,1.90E+11,53.22583959,AM,AM,1,0,0,1,55,1,,
Be3Nb,2,Be Nb,3 1,1.20325,1857.5,2.706329387,1.5775,0.012990381,2.75,1.299038106,1.40E+11,17.32050808,IM,IM,0,1,0,2,,12,,
Si2V,2,Si V,2 1,1.207333333,1852.333333,2.514157444,1.81,0.127279221,4.333333333,0.471404521,1.20E+11,28.28427125,IM,IM,0,1,0,2,,____,,
Ni65Nb5Cr5Mo5P14B6,6,Ni Nb Cr Mo P B,65 5 5 5 14 6,1.20955,1699.802,9.045915472,1.9415,0.148501683,8.23,2.481350439,1.66E+11,71.56250694,AM,AM,1,0,0,1,93,1,,
Fe2Si,2,Fe Si,2 1,1.211666667,1769.666667,1.833239803,1.853333333,0.032998316,6.666666667,1.885618083,1.47E+11,32.99831646,IM,IM,0,1,0,2,,____,,
AlBe4Mn,3,Al Be Mn,1 4 1,1.215666667,1448.745,3.224137362,1.573333333,0.017950549,3,1.825741858,1.19E+11,19.72026594,IM,IM,0,1,0,2,,____,,
MoSi2,2,Mo Si,1 2,1.223,2090,1.833239803,1.986666667,0.122565175,4.666666667,0.942809042,1.43E+11,61.2825877,IM,IM,0,1,0,2,,____,,
Cr3Si,2,Cr Si,3 1,1.225,2056.75,4.005367493,1.72,0.103923048,5.5,0.866025404,1.45E+11,25.98076211,IM,IM,0,1,0,2,,12,,
Fe89Zr5B6,3,Fe Zr B,89 5 6,1.23384,1859.07,5.657060995,1.8176,0.122442803,7.5,1.431782106,1.74E+11,42.72430596,BCC,SS,0,0,1,3,,11,,
Be2Ti,2,Be Ti,2 1,1.239333333,1687,1.571348403,1.56,0.014142136,2.666666667,0.942809042,1.23E+11,9.428090416,IM,IM,0,1,0,2,,____,,
CrFe,2,Cr Fe,1 1,1.245,1995.5,0,1.745,0.085,7,1,1.65E+11,5,IM,IM,0,1,0,2,,12,,
FeCoNi,3,Fe Co Ni,1 1 1,1.246,1769,0.509175077,1.873333333,0.032998316,9,0.816496581,1.77E+11,4.714045208,FCC,SS,0,0,1,3,24,9,,
CoCrFeNi,4,Co Cr Fe Ni,1 1 1 1,1.24675,1871.75,1.636975107,1.82,0.096695398,8.25,1.479019946,1.73E+11,8.291561976,FCC,SS,0,0,1,3,15,14,,
CoCr2FeNi,4,Co Cr Fe Ni,1 2 1 1,1.2472,1933.4,1.693299737,1.788,0.107591821,7.8,1.6,1.70E+11,8.94427191,FCC,SS,0,0,1,3,29,10,,
Cu0.76Si0.24,2,Cu Si,0.76 0.24,1.248,1436.7852,2.194182289,1.9,0,9.32,2.989581911,1.30E+11,17.0833252,IM,IM,0,1,0,2,,____,,
Fe89Zr7B4,3,Fe Zr B,89 7 4,1.2495,1854.67,5.58264241,1.8034,0.136222025,7.52,1.374627222,1.69E+11,39.8433835,BCC,SS,0,0,1,3,,11,,
NiCoFeCrMo0.1Al0.3,5,Ni Co Fe Cr Mo Al,1 1 1 1 0.1 0.3,1.249585366,1896.731707,1.694477754,1.828292683,0.108961896,8.195121951,1.501535997,1.74E+11,12.0725548,FCC,SS,0,0,1,3,86,3,,
CoCrCu0.5FeNi,5,Co Cr Cu Fe Ni,1 1 0.5 1 1,1.250222222,1814.641111,3.534533593,1.828888889,0.094568546,8.555555556,1.640535896,1.69E+11,12.862041,FCC,SS,0,0,1,3,80,3,,
CoCrCuFeNi,5,Co Cr Cu Fe Ni,1 1 1 1 1,1.253,1768.954,4.051666324,1.836,0.092217135,8.8,1.720465053,1.66E+11,14.96662955,FCC,SS,0,0,1,3,"2,48",3,,
CuNiCoFe,4,Cu Ni Co Fe,1 1 1 1,1.254,1666.1925,3.31662479,1.88,0.03082207,9.5,1.118033989,1.68E+11,16.39359631,FCC,SS,0,0,1,3,82,3,,
NiCoFeCrMo0.3,5,Ni Co Fe Cr Mo,1 1 1 1 0.3,1.254860465,1943.209302,1.788112226,1.84372093,0.127279646,8.093023256,1.537348268,1.77E+11,16.68918616,FCC,SS,0,0,1,3,86,3,,
Fe91Hf7B2,3,Fe Hf B,91 7 2,1.25617,1870.39,4.726629741,1.7971,0.139508387,7.62,1.214742771,1.69E+11,26.468094,BCC,SS,0,0,1,3,,11,,
CoCrFeNiAl0.25,5,Co Cr Fe Ni Al,1 1 1 1 0.25,1.257647059,1816.557059,3.681676519,1.807647059,0.106026046,7.941176471,1.893350228,1.67E+11,24.08864828,FCC,SS,0,0,1,3,38,10,,
CoCr2FeNiAl0.3,5,Co Cr Fe Ni Al,1 2 1 1 0.3,1.257660377,1876.800189,3.359405582,1.777924528,0.11230616,7.528301887,1.909299719,1.65E+11,23.39470476,FCC+BCC+IM,IM+SS,0,1,1,,29,10,,
Co1.5Cr0.5FeMn0.5Ni,5,Co Cr Fe Mn Ni,1.5 0.5 1 0.5 1,1.258444444,1786.777778,1.792350495,1.814444444,0.11805,8.444444444,1.257078722,1.69E+11,18.52592445,FCC,SS,0,0,1,3,29,10,,
FeNi2CrCuAl0.2,5,Fe Ni Cr Cu Al,1 2 1 1 0.2,1.258923077,1729.127692,5.051329363,1.833076923,0.103988506,8.769230769,2.099591394,1.63E+11,22.69230769,FCC,SS,0,0,1,3,28,3,,
Cu0.5NiCoCrAl0.5Fe3.5,6,Cu Ni Co Cr Al Fe,0.5 1 1 1 0.5 3.5,1.259266667,1754.682667,4.446064149,1.814666667,0.091423313,8,1.861898673,1.63E+11,25.31789003,FCC,SS,0,0,1,3,11,3,,
NiCoFeCrAl0.3,5,Ni Co Fe Cr Al,1 1 1 1 0.3,1.259674419,1806.288605,3.910516654,1.805348837,0.107516334,7.88372093,1.955425396,1.66E+11,25.85184732,FCC,SS,0,0,1,3,86,3,,
Al0.3CoCrFeNi ,5,Al Co Cr Fe Ni,0.3 1 1 1 1,1.259674419,1806.288605,3.910516654,1.805348837,0.107516334,7.88372093,1.955425396,1.66E+11,25.85184732,FCC+L12,IM+SS,0,1,1,,"264,265",4,,
Cu0.5NiCoCrAl0.5Fe3,6,Cu Ni Co Cr Al Fe,0.5 1 1 1 0.5 3,1.260571429,1750.66,4.603583014,1.813571429,0.094537003,8,1.927248223,1.63E+11,26.13622086,FCC,SS,0,0,1,3,11,3,,
Cu0.75NiCoFeCrAl0.25,6,Cu Ni Co Fe Cr Al,0.75 1 1 1 1 0.25,1.2607,1747.739,4.940735851,1.8215,0.103163705,8.4,2.059126028,1.63E+11,24.18594633,FCC,SS,0,0,1,3,85,3,,
NiCoFeCrAl0.375,5,Ni Co Fe Cr Al,1 1 1 1 0.375,1.262628571,1791.326,4.205131874,1.802,0.109565375,7.8,2.039607805,1.64E+11,28.15374699,FCC,SS,0,0,1,3,77,3,,
FeCoNiCrCuAl0.3,6,Fe Co Ni Cr Cu Al,1 1 1 1 1 0.3,1.263132075,1721.662453,5.187950399,1.823207547,0.103682636,8.471698113,2.142153506,1.61E+11,25.37437732,FCC+FCC,SS,0,0,1,3,35,3,,
BFe14Nd2,3,B Fe Nd,1 14 2,1.263176471,1781.764706,6.075547782,1.761176471,0.232097402,7.117647059,1.906100205,1.63E+11,59.2373678,IM,IM,0,1,0,2,,12,,
Cu0.5NiAlCoCrFeSi,7,Cu Ni Al Co Cr Fe Si,0.5 1 1 1 1 1 1,1.263230769,1659.439231,11.82337015,1.806153846,0.117574099,7,2.717464882,1.44E+11,39.40324079,AM,AM,1,0,0,1,48,8,,
Cr6Fe18Mo5,3,Cr Fe Mo,6 18 5,1.263689655,2074.413793,0.356364523,1.851724138,0.155830787,7.24137931,0.970430847,1.78E+11,23.93510847,IM,IM,0,1,0,2,,____,,
Cu0.5NiCoCrAl0.5Fe2,6,Cu Ni Co Cr Al Fe,0.5 1 1 1 0.5 2,1.263833333,1740.603333,4.97516175,1.810833333,0.101854335,8,2.081665999,1.61E+11,28.03965446,FCC,SS,0,0,1,3,11,3,,
CuAlNiCoCrFeSi,7,Cu Al Ni Co Cr Fe Si,1 1 1 1 1 1 1,1.264285714,1637.891429,11.62196071,1.812857143,0.115846485,7.285714286,2.813959372,1.44E+11,37.98388488,BCC+FCC,SS,0,0,1,3,33,3,,
Al0.5CoCrCu0.5FeNi2 ,6,Al Co Cr Cu Fe Ni,0.5 1 1 0.5 1 2,1.264666667,1726.77,5.240246365,1.824166667,0.108509472,8.333333333,2.211083194,1.63E+11,28.7923601,FCC+L12,IM+SS,0,1,1,,262,4,,
CuNi2FeCrAl0.4,5,Cu Ni Fe Cr Al,1 2 1 1 0.4,1.265333333,1699.658889,5.609742251,1.824814815,0.110398952,8.555555556,2.330686329,1.59E+11,27.62178421,FCC,SS,0,0,1,3,84,3,,
BIn2Ni7,3,B In Ni,1 2 7,1.2662,1530.35,6.533566254,1.897,0.070007142,7.9,3.207802986,1.65E+11,77.63559895,IM,IM,0,1,0,2,,____,,
CoCuFeNiV,5,Co Cu Fe Ni V,1 1 1 1 1,1.2664,1769.554,5.683154054,1.83,0.10373042,8.6,2.059126028,1.66E+11,14.96662955,FCC,SS,0,0,1,3,9,3,,
Al0.5CoCrFeNi,5,Al Co Cr Fe Ni,0.5 1 1 1 1,1.267333333,1767.496667,4.600341233,1.796666667,0.112546287,7.666666667,2.160246899,1.62E+11,31.31835734,FCC+BCC,SS,0,0,1,3,77,3,,
FeCrMnNiCo,5,Fe Cr Mn Ni Co,1 1 1 1 1,1.2674,1801.2,2.197598689,1.766,0.138361844,8,1.414213562,1.62E+11,22.27105745,FCC,SS,0,0,1,3,3,3,,
Al0.5CrCuFeNi2,5,Al Cr Cu Fe Ni,0.5 1 1 1 2,1.268363636,1685.728182,5.818518464,1.820909091,0.113093248,8.454545455,2.425757103,1.58E+11,29.54755237,FCC,SS,0,0,1,3,78,3,,
Cu0.5NiCoFeAl0.5Cr,6,Cu Ni Co Fe Al Cr,0.5 1 1 1 0.5 1,1.2684,1726.524,5.437425862,1.807,0.111180034,8,2.28035085,1.60E+11,30.42104535,FCC,SS,0,0,1,3,85,3,,
Cu3Ge,2,Cu Ge,3 1,1.2685,1321.1775,1.244911518,1.9275,0.047631397,9.25,3.031088913,1.05E+11,60.62177826,IM,IM,0,1,0,2,,____,,
CoCrCuFeMnNi,6,Co Cr Cu Fe Mn Ni,1 1 1 1 1 1,1.269166667,1727.295,3.868464886,1.788333333,0.135820552,8.5,1.707825128,1.58E+11,21.9215774,FCC,SS,0,0,1,3,3,3,,
FeCoNiCrCuAl0.5,6,Fe Co Ni Cr Cu Al,1 1 1 1 1 0.5,1.269272727,1693.000909,5.643485011,1.815454545,0.109325505,8.272727273,2.339032787,1.58E+11,29.54755237,FCC+FCC,SS,0,0,1,3,35,3,,
CoCrFeNiCuAl0.5 ,6,Co Cr Fe Ni Cu Al,1 1 1 1 1 0.5,1.269272727,1693.000909,5.643485011,1.815454545,0.109325505,8.272727273,2.339032787,1.58E+11,29.54755237,FCC+BCC+IM,IM+SS,0,1,1,,36,10,,
CoCrFeNiTi0.5 ,5,Co Cr Fe Ni Ti,1 1 1 1 0.5,1.270666667,1879.444444,6.887981709,1.788888889,0.126705647,7.777777778,1.930905244,1.66E+11,21.14033066,FCC+IM,IM+SS,0,1,1,,42,10,,
CuNiCoFeCrAl0.5V0.2,7,Cu Ni Co Fe Cr Al V,1 1 1 1 1 0.5 0.2,1.270912281,1710.19386,5.813821542,1.808947368,0.112681576,8.157894737,2.375233866,1.58E+11,29.0273218,FCC,SS,0,0,1,3,81,3,,
FeNi2CrCuAl0.6,5,Fe Ni Cr Cu Al,1 2 1 1 0.6,1.271285714,1672.295,5.994159081,1.817142857,0.115506869,8.357142857,2.510183342,1.56E+11,31.22294747,FCC,SS,0,0,1,3,28,3,,
CoCrFeNiNb0.65,5,Co Cr Fe Ni Nb,1 1 1 1 0.65,1.272225806,1994.516129,6.571834858,1.789247312,0.117740708,7.795698925,1.775333619,1.72E+11,7.73894805,FCC+Laves,IM+SS,0,1,1,,,16,,
CoCrFeNiPd,5,Co Cr Fe Ni Pd,1 1 1 1 1,1.2724,1863.01,3.06333152,1.896,0.174882818,8.6,1.496662955,1.74E+11,8,FCC,SS,0,0,1,3,38,3,,
CrCuFeMnNi,5,Cr Cu Fe Mn Ni,1 1 1 1 1,1.2728,1719.154,4.235582605,1.77,0.141844986,8.4,1.854723699,1.54E+11,21.54065923,FCC+BCC,SS,0,0,1,3,64,8,,
AlCo3.5CrCu0.5FeNi,6,Al Co Cr Cu Fe Ni,1 3.5 1 0.5 1 1,1.2731875,1689.919375,5.451680601,1.8175,0.108195425,8,2.263846285,1.61E+11,33.82214511,SS,SS,0,0,1,3,63,8,,
CuNiCoFeMn,5,Cu Ni Co Fe Mn,1 1 1 1 1,1.2732,1636.754,3.595864291,1.814,0.134848063,9,1.414213562,1.58E+11,24,FCC,SS,0,0,1,3,36,3,,
CoCrCuFeMn,5,Co Cr Cu Fe Mn,1 1 1 1 1,1.2738,1727.154,3.840499967,1.764,0.136323146,8.2,1.720465053,1.54E+11,21.54065923,FCC+FCC,SS,0,0,1,3,14,14,,
Al0.5CoCrCuFeNiV0.6 ,7,Al Co Cr Cu Fe Ni V,0.5 1 1 1 1 1 0.6,1.273868852,1741.197541,6.042357234,1.797213115,0.117586817,7.950819672,2.425454019,1.58E+11,28.06430976,IM+SS,IM+SS,0,1,1,,40,1,,
CoCrMnNi,4,Co Cr Mn Ni,1 1 1 1,1.274,1798.75,2.468552207,1.75,0.150499169,8,1.58113883,1.60E+11,24.49489743,FCC,SS,0,0,1,3,27,2,,
AlCo3CrCu0.5FeNi,6,Al Co Cr Cu Fe Ni,1 3 1 0.5 1 1,1.274666667,1684.714,5.599131926,1.813333333,0.110493841,7.933333333,2.322833519,1.59E+11,34.55211844,SS,SS,0,0,1,3,89,3,,
Al0.5CoCrCuFeNiV0.8,7,Al Co Cr Cu Fe Ni V,0.5 1 1 1 1 1 0.8,1.275206349,1755.223016,6.116912468,1.791904762,0.119361491,7.857142857,2.442072649,1.58E+11,27.61740553,IM+SS,IM+SS,0,1,1,,40,1,,
AlCoCrCu0.5FeNi2.5,6,Al Co Cr Cu Fe Ni,1 1 1 0.5 1 2.5,1.275285714,1670.193571,5.997835333,1.815,0.117518995,8.071428571,2.520325538,1.58E+11,35.31086437,SS,SS,0,0,1,3,63,8,,
CrCuFeMoNi,5,Cr Cu Fe Mo Ni,1 1 1 1 1,1.2754,1994.554,5.452250911,1.892,0.161170717,8.2,2.039607805,1.76E+11,30.06659276,FCC,SS,0,0,1,3,48,3,,
Al0.5CoCrCuFeNiTi0.2,7,Al Co Cr Cu Fe Ni Ti,0.5 1 1 1 1 1 0.2,1.276035088,1701.702632,6.793731655,1.805789474,0.11875003,8.122807018,2.428414944,1.56E+11,30.32886333,FCC,SS,0,0,1,3,76,3,,
Al0.5CoCrCuFeNiV1.0 ,7,Al Co Cr Cu Fe Ni V,0.5 1 1 1 1 1 1.0,1.276461538,1768.385385,6.171554345,1.786923077,0.120791277,7.769230769,2.454316328,1.58E+11,27.19119245,IM+SS,IM+SS,0,1,1,,40,1,,
CoFeNiVMo0.6,5,Co Fe Ni V Mo,1 1 1 1 0.6,1.276478261,2006,4.470645865,1.857826087,0.155114446,7.739130435,1.87007071,1.80E+11,20.85144141,FCC+IM,IM+SS,0,1,1,,,16,,
FeNi2CrCuAl0.8,5,Fe Ni Cr Cu Al,1 2 1 1 0.8,1.276827586,1646.818276,6.27048773,1.81,0.119625854,8.172413793,2.653156422,1.54E+11,34.00356699,SS,SS,0,0,1,3,20,8,,
AlCoCrFeNi2.1,5,Al Co Cr Fe Ni,1 1 1 1 2.1,1.276983607,1692.011475,5.505649683,1.801803279,0.120375208,7.704918033,2.491587566,1.58E+11,37.04758447,FCC+B2,IM+SS,0,1,1,,,16,,
Co0.5CrFeMn1.5Ni ,5,Co Cr Fe Mn Ni,0.5 1 1 1.5 1,1.2773,1776.3,2.35257816,1.733,0.146359147,7.8,1.4,1.56E+11,24.57641145,FCC+IM,IM+SS,0,1,1,,29,10,,
CuCoNiCrAl0.8Fe,6,Cu Co Ni Cr Al Fe,1 1 1 1 0.8 1,1.277689655,1653.714828,6.102456615,1.804827586,0.115776857,8,2.559633594,1.54E+11,34.00356699,FCC+BCC,SS,0,0,1,3,,6,,
AlCoCr2Cu0.5FeNi,6,Al Co Cr Cu Fe Ni,1 1 2 0.5 1 1,1.278,1735.285385,5.641018606,1.769230769,0.119965478,7.307692308,2.461538462,1.53E+11,34.7699115,SS,SS,0,0,1,3,63,8,,
AlCo2CrCu0.5FeNi,6,Al Co Cr Cu Fe Ni,1 2 1 0.5 1 1,1.278307692,1671.900769,5.905401994,1.803076923,0.115317929,7.769230769,2.454316328,1.56E+11,36.09258312,SS,SS,0,0,1,3,89,3,,
CoFeNi2V0.5Nb0.75,5,Co Fe Ni V Nb,1 1 2 0.5 0.75,1.278809524,1940.761905,7.629715384,1.818095238,0.11890849,8.238095238,1.94947519,1.75E+11,6.632565846,FCC+Laves,IM+SS,0,1,1,,,16,,
Co2Mo0.5Ni2VW0.5,5,Co Mo Ni V W,2 0.5 2 1 0.5,1.279166667,2078.416667,4.547543108,1.911666667,0.188274327,8.166666667,1.950783318,1.92E+11,39.33474574,FCC+Co7Mo6,IM+SS,0,1,1,,,16,,
CuNi2FeCrAl0.9,5,Cu Ni Fe Cr Al,1 2 1 1 0.9,1.279457627,1634.727627,6.379553125,1.806610169,0.121384809,8.084745763,2.713982224,1.52E+11,35.17020624,FCC+BCC,SS,0,0,1,3,84,3,,
AlCoCrCu0.5Fe1.5Ni,6,Al Co Cr Cu Fe Ni,1 1 1 0.5 1.5 1,1.27975,1667.475833,5.916356477,1.7925,0.115623311,7.583333333,2.498610725,1.54E+11,36.40627235,SS,SS,0,0,1,3,63,8,,
CuNi2FeMn2Cr,5,Cu Ni Fe Mn Cr,1 2 1 2 1,1.28,1691.824286,3.903636582,1.758571429,0.154774358,8.428571429,1.761261144,1.53E+11,24.32769481,FCC,SS,0,0,1,3,83,3,,
AlCoCr1.5Cu0.5FeNi,6,Al Co Cr Cu Fe Ni,1 1 1.5 0.5 1 1,1.280416667,1698.225833,5.900727676,1.778333333,0.120473602,7.416666667,2.531742922,1.53E+11,36.13247231,SS,SS,0,0,1,3,63,8,,
AlCo1.5CrCu0.5FeNi,6,Al Co Cr Cu Fe Ni,1 1.5 1 0.5 1 1,1.280583333,1663.8925,6.052034527,1.796666667,0.117780398,7.666666667,2.527625148,1.54E+11,36.88570937,SS,SS,0,0,1,3,63,8,,
CoFeNi1.4VMo,5,Co Fe Ni V Mo,1 1 1.4 1 1,1.28062963,2051.333333,4.353169794,1.884074074,0.163622403,7.777777778,1.892154041,1.84E+11,23.27741683,FCC+IM,IM+SS,0,1,1,,,16,,
CoFeMnNiV,5,Co Fe Mn Ni V,1 1 1 1 1,1.2808,1801.8,4.304862367,1.76,0.143387587,7.8,1.720465053,1.62E+11,22.27105745,FCC,SS,0,0,1,3,14,14,,
FeCoNiMnV,5,Fe Co Ni Mn V,1 1 1 1 1,1.2808,1801.8,4.304862367,1.76,0.143387587,7.8,1.720465053,1.62E+11,22.27105745,FCC+IM,IM+SS,0,1,1,,28,10,,
CoCrCuFeNiTi0.8 ,6,Co Cr Cu Fe Ni Ti,1 1 1 1 1 0.8,1.281827586,1792.684483,8.17788008,1.795172414,0.133225779,8.137931034,2.300286908,1.58E+11,23.79060457,IM+SS,IM+SS,0,1,1,,Wang et al. (2007) ,7,,
FeNi2CrCuAl,5,Fe Ni Cr Cu Al,1 2 1 1 1,1.282,1623.04,6.473169273,1.803333333,0.122972445,8,2.768874621,1.51E+11,36.21693895,FCC+BCC,SS,0,0,1,3,28,3,,
MnCrFe1.5Ni0.5Al0.3,5,Mn Cr Fe Ni Al,1 1 1.5 0.5 0.3,1.282116279,1758.032791,3.755528221,1.719302326,0.129693652,7.186046512,1.646077988,1.51E+11,29.29789557,FCC+BCC,SS,0,0,1,3,94,3,,
Al0.5CoCrCuFeNiTi0.4,7,Al Co Cr Cu Fe Ni Ti,0.5 1 1 1 1 1 0.4,1.282338983,1709.814407,7.597097364,1.796779661,0.126242176,7.983050847,2.500789878,1.55E+11,30.95770947,FCC+BCC,SS,0,0,1,3,76,3,,
CoCrMnNiV,5,Co Cr Mn Ni V,1 1 1 1 1,1.2824,1875.6,4.359192586,1.726,0.142912561,7.4,1.854723699,1.60E+11,21.9089023,FCC,SS,0,0,1,3,17,14,,
NiCoCrMnV,5,Ni Co Cr Mn V,1 1 1 1 1,1.2824,1875.6,4.359192586,1.726,0.142912561,7.4,1.854723699,1.60E+11,21.9089023,FCC+IM,IM+SS,0,1,1,,28,10,,
FeCoNiCrAlCu,6,Fe Co Ni Cr Al Cu,1 1 1 1 1 1,1.282833333,1629.706667,6.312506366,1.798333333,0.119082138,7.833333333,2.671869924,1.51E+11,36.21693895,BCC+B2+FCC(Cu rich),IM+SS,0,1,1,,"17,19,20",9,,
Cu0.5NiAlCoCrFe,6,Cu Ni Al Co Cr Fe,0.5 1 1 1 1 1,1.283272727,1654.428182,6.17851619,1.789090909,0.120185807,7.545454545,2.606412943,1.52E+11,37.66840972,AM,AM,1,0,0,1,10,8,,
AlCoCrFeNi,5,Al Co Cr Fe Ni,1 1 1 1 1,1.2838,1684.094,5.504703443,1.778,0.120565335,7.2,2.481934729,1.53E+11,39.30597919,BCC+B2,IM+SS,0,1,1,,"5,6",14,,
Co5Cr2Mo3,3,Co Cr Mo,5 2 3,1.2842,2188.8,1.153082824,1.92,0.177763888,7.5,1.5,1.91E+11,26.62705391,IM,IM,0,1,0,2,,12,,
Mo5Si3,2,Mo Si,5 3,1.28425,2442.625,1.059018884,2.0625,0.125871959,5.25,0.968245837,1.81E+11,62.93597938,IM,IM,0,1,0,2,,____,,
CoCrFeNiAl0.4MnV,7,Co Cr Fe Ni Al Mn V,1 1 1 1 0.4 1 1,1.28528125,1806.623125,5.125768296,1.735,0.135669636,7.21875,1.980125864,1.56E+11,28.60117731,IM,IM,0,1,0,,29,10,,
Cu0.5Ti0.5CrFeCoNiAl0.5,7,Cu Ti Cr Fe Co Ni Al,0.5 0.5 1 1 1 1 0.5,1.286,1746.021818,7.979873413,1.782727273,0.130877521,7.636363636,2.459590774,1.55E+11,32.32070697,FCC+BCC,SS,0,0,1,3,92,3,,
AlCo0.5CrCu0.5FeNi,6,Al Co Cr Cu Fe Ni,1 0.5 1 0.5 1 1,1.2865,1643.071,6.263754784,1.78,0.12239281,7.4,2.690724809,1.49E+11,38.4,SS,SS,0,0,1,3,63,8,,
AlCoCrCuFe0.5Ni,6,Al Co Cr Cu Fe Ni,1 1 1 1 0.5 1,1.286636364,1613.225455,6.48975044,1.795454545,0.123976804,7.818181818,2.790183501,1.49E+11,37.35113704,SS,SS,0,0,1,3,62,8,,
CoCrFeNiAlNb0.1,6,Co Cr Fe Ni Al Nb,1 1 1 1 1 0.1,1.286647059,1704.994118,5.908742672,1.774509804,0.12190182,7.156862745,2.4763394,1.54E+11,38.98836073,BCC,SS,0,0,1,3,,15,,
AlCoCr0.5Cu0.5FeNi,6,Al Co Cr Cu Fe Ni,1 1 0.5 0.5 1 1,1.2867,1601.871,6.466064027,1.802,0.118558003,7.7,2.685144316,1.51E+11,39.41776249,SS,SS,0,0,1,3,63,8,,
Al1.2CrCuFeNi2,5,Al Cr Cu Fe Ni,1.2 1 1 1 2,1.28683871,1600.795806,6.622239813,1.797096774,0.125703018,7.838709677,2.863527874,1.49E+11,38.01253969,FCC+B2,IM+SS,0,1,1,,,16,,
Co2Mo0.8Ni2VW0.8,5,Co Mo Ni V W,2 0.8 2 1 0.8,1.286969697,2189.060606,4.34138777,1.943333333,0.207753739,7.96969697,1.961521495,1.99E+11,45.37771284,FCC+Co7Mo6,IM+SS,0,1,1,,,16,,
AlCoCrCu0.5FeNi0.5,6,Al Co Cr Cu Fe Ni,1 1 1 0.5 1 0.5,1.287,1647.071,6.093450911,1.777,0.119503138,7.3,2.60959767,1.49E+11,38.4,SS,SS,0,0,1,3,63,8,,
CoCrCuFeNiTi,6,Co Cr Cu Fe Ni Ti,1 1 1 1 1 1,1.287833333,1797.628333,8.579811695,1.786666667,0.138764389,8,2.380476143,1.57E+11,24.94438258,FCC+Laves,IM+SS,0,1,1,,16,14,,
Al0.5CrFeNiCoCuTi0.6,7,Al Cr Fe Ni Co Cu Ti,0.5 1 1 1 1 1 0.6,1.288229508,1717.394262,8.194404329,1.788360656,0.132308387,7.852459016,2.559687901,1.53E+11,31.46379567,FCC+BCC,SS,0,0,1,3,76,3,,
CoCrFeNiAl1.17,5,Co Cr Fe Ni Al,1 1 1 1 1.17,1.288673114,1659.411973,5.664080751,1.772475822,0.122292978,7.061895551,2.553118222,1.51E+11,41.03274543,BCC+BCC,SS,0,0,1,3,38->36,10,,
CrMnFe1.5Ni0.5Al0.5 ,5,Cr Mn Fe Ni Al,1 1 1.5 0.5 0.5,1.288777778,1721.385556,4.343833393,1.714444444,0.128764308,7,1.825741858,1.47E+11,32.50982757,BCC+IM,IM+SS,0,1,1,,29,10,,
AlCrCuFeNi,5,Al Cr Cu Fe Ni,1 1 1 1 1,1.2892,1602.048,6.477653896,1.782,0.124161186,7.6,2.870540019,1.45E+11,37.04267809,FCC+BCC,SS,0,0,1,3,46,2,,
FeCoNiCuAl,5,Fe Co Ni Cu Al,1 1 1 1 1,1.2896,1519.648,6.70314553,1.826,0.111462998,8.2,2.785677655,1.49E+11,39.4279089,FCC+BCC,SS,0,0,1,3,93,3,,
FeCoNiCrTi,5,Fe Co Ni Cr Ti,1 1 1 1 1,1.2898,1885.6,8.371723837,1.764,0.141506184,7.4,2.154065923,1.60E+11,26.07680962,FCC+BCC+Co2Ti,IM+SS,0,1,1,,23,9,,
CuCoNiCrAl1.3Fe,6,Cu Co Ni Cr Al Fe,1 1 1 1 1.3 1,1.289936508,1596.55254,6.530974933,1.789365079,0.122938532,7.603174603,2.803284256,1.47E+11,38.78541466,FCC+BCC,SS,0,0,1,3,,6,,
Co2V3,2,Co V,2 3,1.29,2017,0.274342851,1.73,0.122474487,6.6,1.959591794,1.68E+11,9.797958971,IM,IM,0,1,0,2,,____,,
FeCoNiMnMo,5,Fe Co Ni Mn Mo,1 1 1 1 1,1.2902,1944.4,2.505992817,1.866,0.194792197,8,1.414213562,1.76E+11,34.98571137,FCC+IM,IM+SS,0,1,1,,28,10,,
AlCrCu0.5FeNi,5,Al Cr Cu Fe Ni,1 1 0.5 1 1,1.290444444,1629.19,6.277089509,1.768888889,0.124136524,7.222222222,2.779999112,1.46E+11,39.00364022,SS,SS,0,0,1,3,63,8,,
Al0.8CrCuFe1.5MnNi,6,Al Cr Cu Fe Mn Ni,0.8 1 1 1.5 1 1,1.290492063,1626.673968,5.977947406,1.754444444,0.138790441,7.682539683,2.435357259,1.45E+11,32.96332815,SS,SS,0,0,1,3,64,8,,
FeNiCoSiCrAlTi,7,Fe Ni Co Si Cr Al Ti,1 1 1 1 1 1 1,1.290571429,1721.21,14.60115913,1.761428571,0.142571142,6.285714286,2.547507786,1.39E+11,39.80975165,SS,SS,0,0,1,3,60,8,,
AlCoCrFeNb0.25Ni,6,Al Co Cr Fe Nb Ni,1 1 1 1 0.25 1,1.290714286,1734.851429,6.407686034,1.76952381,0.123615232,7.095238095,2.467015971,1.54E+11,38.52519275,BCC+Laves,IM+SS,0,1,1,,,16,,
Cu3Sb,2,Cu Sb,3 1,1.291,1244.2725,0.757772228,1.9375,0.064951905,9.5,2.598076211,1.16E+11,42.43524479,IM,IM,0,1,0,2,,____,,
AlCoCrCuNi,5,Al Co Cr Cu Ni,1 1 1 1 1,1.2912,1593.448,6.631488521,1.792,0.129522199,7.8,2.925747768,1.47E+11,38.56630654,FCC+BCC,SS,0,0,1,3,43,2,,
Fe3W2,2,Fe W,3 2,1.2914,2564.6,0,2.042,0.259645913,7.2,0.979795897,2.26E+11,68.5857128,IM,IM,0,1,0,2,,____,,
AlNi6Ta,3,Al Ni Ta,1 6 1,1.29225,1823.93375,2.714672319,1.82125,0.156159974,8.5,2.645751311,1.70E+11,35.94092375,IM,IM,0,1,0,2,,____,,
AlCoCrCu0.5Ni,5,Al Co Cr Cu Ni,1 1 1 0.5 1,1.292666667,1619.634444,6.624275744,1.78,0.13114877,7.444444444,2.871743996,1.48E+11,40.57366415,SS,SS,0,0,1,3,63,8,,
Co1.5Cr2Fe1.5NiAlMn2V ,7,Co Cr Fe Ni Al Mn V,1.5 2 1.5 1 1 2 1,1.293,1761.097,5.161710593,1.7135,0.133201914,6.95,1.961504525,1.50E+11,32.28916227,IM,IM,0,1,0,,29,10,,
Sm2Fe17Ni3,3,Sm Fe Ni,2 17 3,1.293409091,1757.331818,3.193049896,1.780909091,0.195096924,7.818181818,1.668869068,1.59E+11,38.52926332,IM,IM,0,1,0,2,,12,,
Al0.8CrCu1.5FeMnNi,6,Al Cr Cu Fe Mn Ni,0.8 1 1.5 1 1 1,1.293428571,1590.703333,6.112714217,1.76,0.143039566,7.920634921,2.596099561,1.43E+11,32.17190535,SS,SS,0,0,1,3,64,8,,
CuNi2FeCrAl1.5,5,Cu Ni Fe Cr Al,1 2 1 1 1.5,1.293538462,1569.996154,6.771829357,1.788461538,0.128891496,7.615384615,2.975243016,1.45E+11,40.12701727,FCC+BCC,SS,0,0,1,3,84,3,,
Al0.5CoCrCuFeNiTi0.8 ,7,Al Co Cr Cu Fe Ni Ti,0.5 1 1 1 1 1 0.8,1.293746032,1724.492857,8.651862798,1.78047619,0.137280024,7.73015873,2.60771961,1.52E+11,31.86975889,IM+SS,IM+SS,0,1,1,,40,1,,
FeCoNiCrCuAl1.5,6,Fe Co Ni Cr Cu Al,1 1 1 1 1 1.5,1.294307692,1576.15,6.628184498,1.783846154,0.124933118,7.461538462,2.8720238,1.45E+11,40.12701727,FCC+(FCC+BCC),SS,0,0,1,3,35,3,,
NbCrFeMnCoNi,6,Nb Cr Fe Mn Co Ni,1 1 1 1 1 1,1.294333333,1959.333333,6.620674689,1.738333333,0.140643363,7.5,1.707825128,1.63E+11,20.54804668,IM+SS,IM+SS,0,1,1,,Cantor et al. (2004) ,7,,
Cu2Sb,2,Cu Sb,2 1,1.295333333,1206.44,0.366647961,1.95,0.070710678,9,2.828427125,1.07E+11,46.19764304,IM,IM,0,1,0,2,,____,,
Al1.5CoCrCu0.5FeNi,6,Al Co Cr Cu Fe Ni,1.5 1 1 0.5 1 1,1.295666667,1594.348333,6.49606618,1.774166667,0.125263611,7.166666667,2.793842436,1.46E+11,41.73594241,SS,SS,0,0,1,3,63,8,,
Cr9Mo21Ni20,3,Cr Mo Ni,9 21 20,1.29568,2299.92,1.852779274,1.97,0.184119526,7.6,1.959591794,1.97E+11,28.62236887,IM,IM,0,1,0,2,,12,,
BCaNi4,3,B Ca Ni,1 1 4,1.296666667,1729.166667,4.135065348,1.78,0.352041664,7.5,3.547299442,1.76E+11,87.63640162,IM,IM,0,1,0,2,,____,,
CoCrFeNiAlNb0.5,6,Co Cr Fe Ni Al Nb,1 1 1 1 1 0.5,1.297,1780.994545,7.034356942,1.761818182,0.125829479,7,2.449489743,1.55E+11,37.78670018,BCC+Laves,IM+SS,0,1,1,,,15,,
Al0.5CoCrCuFeNiTi1.0 ,7,Al Co Cr Cu Fe Ni Ti,0.5 1 1 1 1 1 1.0,1.298923077,1731.154615,9.006469181,1.773076923,0.14138788,7.615384615,2.646869313,1.50E+11,32.19320374,IM+SS,IM+SS,0,1,1,,40,1,,
TiVCrCuFeMnCoNi,8,Ti V Cr Cu Fe Mn Co Ni,1 1 1 1 1 1 1 1,1.299125,1810.97125,7.262852294,1.7375,0.148639665,7.5,2.291287847,1.53E+11,24.87468593,IM+SS,IM+SS,0,1,1,,67,8,,
Al0.8CrCuFeMn1.5Ni,6,Al Cr Cu Fe Mn Ni,0.8 1 1 1 1.5 1,1.299142857,1603.499365,6.034412952,1.732222222,0.147082144,7.603174603,2.440008343,1.41E+11,32.76784122,SS,SS,0,0,1,3,64,8,,
W6Fe7,2,W Fe,6 7,1.299153846,2680.538462,0,2.074615385,0.264214813,7.076923077,0.997037031,2.35E+11,69.79259214,IM,IM,0,1,0,2,,12,,
AlCrCuFeMnNi,6,Al Cr Cu Fe Mn Ni,1 1 1 1 1 1,1.299333333,1588.206667,6.358785763,1.743333333,0.142556032,7.5,2.62995564,1.41E+11,35.09510887,BCC,SS,0,0,1,3,90,3,,
TiCrFeMnCoNi,6,Ti Cr Fe Mn Co Ni,1 1 1 1 1 1,1.299833333,1824.5,7.514321032,1.728333333,0.151813116,7.333333333,1.972026594,1.53E+11,28.08716591,IM+SS,IM+SS,0,1,1,,Cantor et al. (2004) ,7,,
AlCrFeNiMo0.5,5,Al Cr Fe Ni Mo,1 1 1 1 0.5,1.299888889,1800.104444,4.966599136,1.797777778,0.172225806,6.666666667,2.449489743,1.56E+11,46.9651828,BCC+BCC,SS,0,0,1,,,16,,
CuCoNiCrAl1.8Fe,6,Cu Co Ni Cr Al Fe,1 1 1 1 1.8 1,1.300382353,1547.796471,6.719232835,1.776176471,0.12725645,7.264705882,2.95365002,1.42E+11,41.72844325,FCC+BCC,SS,0,0,1,3,,6,,
CoFeReRu,4,Co Fe Re Ru,1 1 1 1,1.30125,2411.25,1.31101106,1.9525,0.145150784,8,0.707106781,2.35E+11,80.15609771,HCP,SS,0,0,1,3,39,2,,
AlCoCuNi,4,Al Co Cu Ni,1 1 1 1,1.30175,1446.81,6.937218463,1.825,0.124599358,8.25,3.112474899,1.44E+11,42.52058325,FCC+BCC,SS,0,0,1,3,43,2,,
CoCrFeNiAlNb0.75,6,Co Cr Fe Ni Al Nb,1 1 1 1 1 0.75,1.30273913,1823.125217,7.477701174,1.754782609,0.127411335,6.913043478,2.430119759,1.55E+11,37.08713492,BCC+Laves,IM+SS,0,1,1,,,15,,
Al2CrCuFeNi2,5,Al Cr Cu Fe Ni,2 1 1 1 2,1.303428571,1524.53,6.883381307,1.775714286,0.132434042,7.285714286,3.103651569,1.40E+11,42.58005665,A2+B2,IM,0,1,0,,,16,,
Al0.5CoCrCuFeNiTi1.2 ,7,Al Co Cr Cu Fe Ni Ti,0.5 1 1 1 1 1 1.2,1.303791045,1737.418657,9.281372585,1.766119403,0.144799967,7.507462687,2.678678301,1.49E+11,32.44804954,IM+SS,IM+SS,0,1,1,,40,1,,
FeCoNiCrCuAl2.0,6,Fe Co Ni Cr Cu Al,1 1 1 1 1 2.0,1.304142857,1530.244286,6.750752628,1.771428571,0.128444382,7.142857143,2.996596709,1.40E+11,42.58005665,FCC+(FCC+BCC),SS,0,0,1,3,35,3,,
Co2Mo1.75Ni2VW1.75,5,Co Mo Ni V W,2 1.75 2 1 1.75,1.304411765,2436.382353,3.705703804,2.014117647,0.230550717,7.529411765,1.913347761,2.15E+11,53.26047503,BCC+FCC+Co7Mo6,IM+SS,0,1,1,,,16,,
Al2CoCrCu0.5FeNi,6,Al Co Cr Cu Fe Ni,2 1 1 0.5 1 1,1.306153846,1543.511538,6.584303526,1.761538462,0.128053243,6.846153846,2.904801167,1.40E+11,44.18733654,SS,SS,0,0,1,3,63,8,,
CrMnFe1.5Ni0.5Al1.2,5,Cr Mn Fe Ni Al,1 1 1.5 0.5 1.2,1.308057692,1615.32,5.259655724,1.700384615,0.124976329,6.461538462,2.179110073,1.38E+11,38.82510854,BCC,SS,0,0,1,3,29,10,,
Al0.5CoCrCuFeNiTi1.4 ,7,Al Co Cr Cu Fe Ni Ti,0.5 1 1 1 1 1 1.4,1.308376812,1743.319565,9.492334167,1.759565217,0.147642682,7.405797101,2.704364913,1.48E+11,32.64545432,IM+SS,IM+SS,0,1,1,,40,1,,
CoCrFeNiAl2,5,Co Cr Fe Ni Al,1 1 1 1 2,1.3085,1558.99,5.889907902,1.75,0.126622799,6.5,2.753785274,1.40E+11,45.99154512,BCC+BCC,SS,0,0,1,3,38->36,10,,
AlCoCrCuFeNiTiV,8,Al Co Cr Cu Fe Ni Ti V,1 1 1 1 1 1 1 1,1.309375,1737.78,8.7606938,1.745,0.140267601,7,2.738612788,1.47E+11,34.46737588,FCC+BCC,SS,0,0,1,3,53,2,,
FeCoNiCrCuAl2.3,6,Fe Co Ni Cr Cu Al,1 1 1 1 1 2.3,1.30939726,1505.719315,6.763699733,1.764794521,0.129795515,6.97260274,3.047444934,1.38E+11,43.60513036,FCC+BCC,SS,0,0,1,3,35,3,,
FeNiCrMnTi,5,Fe Ni Cr Mn Ti,1 1 1 1 1,1.3096,1835.8,7.233544083,1.698,0.148781719,7,2,1.48E+11,27.85677655,FCC+BCC+IM,IM+SS,0,1,1,,28,10,,
Mo3Si,2,Mo Si,3 1,1.3105,2593.75,3.788861142,2.095,0.112583302,5.5,0.866025404,1.98E+11,56.29165125,IM,IM,0,1,0,2,,____,,
Cu0.5NiAlCoCrFeTi,7,Cu Ni Al Co Cr Fe Ti,0.5 1 1 1 1 1 1,1.310769231,1698.516154,9.338829301,1.750769231,0.142475992,7,2.717464882,1.46E+11,37.81862664,AM,AM,1,0,0,1,10,8,,
Co0.5Cr0.5Fe0.5NiAlMnV0.5,7,Co Cr Fe Ni Al Mn V,0.5 0.5 0.5 1 1 1 0.5,1.3113,1630.294,6.599414519,1.714,0.142562267,6.8,2.441311123,1.42E+11,39.29834602,BCC,SS,0,0,1,3,29,10,,
CoCrCuFeNiZr ,6,Co Cr Cu Fe Ni Zr,1 1 1 1 1 1,1.311333333,1828.795,12.00702812,1.751666667,0.206512039,8,2.380476143,1.50E+11,38.00711637,AM+IM,AM+IM,1,1,0,,35,1,,
AlMnSi,3,Al Mn Si,1 1 1,1.311666667,1379.823333,8.855725171,1.686666667,0.152825245,4.666666667,1.699673171,98666666667,17.98765008,IM,IM,0,1,0,2,,12,,
Co0.5Cr0.5Fe0.5NiAlMnV,7,Co Cr Fe Ni Al Mn V,0.5 0.5 0.5 1 1 1 1,1.311727273,1680.54,6.612621834,1.706363636,0.138056163,6.636363636,2.3845231,1.44E+11,37.81730768,BCC,SS,0,0,1,3,29,10,,
CuCoNiCrAl2.5Fe,6,Cu Co Ni Cr Al Fe,1 1 1 1 2.5 1,1.312666667,1490.459333,6.753727823,1.760666667,0.130459019,6.866666667,3.073904502,1.36E+11,44.15125517,FCC+BCC,SS,0,0,1,3,,6,,
Al0.5CoCrCuFeNiTi1.6 ,7,Al Co Cr Cu Fe Ni Ti,0.5 1 1 1 1 1 1.6,1.312704225,1748.888028,9.650810617,1.753380282,0.150013555,7.309859155,2.724906249,1.47E+11,32.79446734,IM+SS,IM+SS,0,1,1,,40,1,,
Ti2CrCuFeCoNi,6,Ti Cr Cu Fe Co Ni,2 1 1 1 1 1,1.312714286,1818.11,9.481291617,1.751428571,0.154774358,7.428571429,2.610809555,1.50E+11,28.28427125,IM,IM,0,1,0,2,23,8,,
CoCrCuFeNiTi2,6,Co Cr Cu Fe Ni Ti,1 1 1 1 1 2,1.312714286,1818.11,9.481291617,1.751428571,0.154774358,7.428571429,2.610809555,1.50E+11,28.28427125,AM+IM,AM+IM,1,1,0,,36,1,,
Ti2CrCuFeCoNi,6,Ti Cr Cu Fe Co Ni,2 1 1 1 1 1,1.312714286,1818.11,9.481291617,1.751428571,0.154774358,7.428571429,2.610809555,1.50E+11,28.28427125,IM+SS,IM+SS,0,1,1,,Zhang et al. (2008) ,7,,
CoCrCuFeZr0.8 ,5,Co Cr Cu Fe Zr,1 1 1 1 0.8,1.312791667,1837.327083,10.48410138,1.73625,0.201097251,7.75,2.349645363,1.47E+11,36.73341988,AM+IM,AM+IM,1,1,0,,35,1,,
AlCoCrFeNiTi,6,Al Co Cr Fe Ni Ti,1 1 1 1 1 1,1.3135,1726.911667,9.113594964,1.738333333,0.141352593,6.666666667,2.560381916,1.46E+11,39.32768321,BCC+B2,IM+SS,0,1,1,,6,14,,
AlTiVCrCuFeMnCoNi,9,Al Ti V Cr Cu Fe Mn Co Ni,1 1 1 1 1 1 1 1 1,1.313888889,1713.471111,8.235373015,1.723333333,0.145754741,7,2.581988897,1.44E+11,33.58571125,SS,SS,0,0,1,,67,8,,
Cu16Mg6Si7,3,Cu Mg Si,16 6 7,1.314655172,1347.286897,5.140500651,1.777931034,0.238997609,7.448275862,3.996431226,1.11E+11,37.34102251,IM,IM,0,1,0,2,,____,,
AlCoCrCuFeMoNiTiV,9,Al Co Cr Cu Fe Mo Ni Ti V Zr,1 1 1 1 1 1 1 1 1,1.315333333,1866.471111,8.317409976,1.791111111,0.185738433,6.888888889,2.601044425,1.56E+11,41.67007393,SS,SS,0,0,1,3,66,8,,
Al0.5CoCrCuFeNiTi1.8 ,7,Al Co Cr Cu Fe Ni Ti,0.5 1 1 1 1 1 1.8,1.316794521,1754.15137,9.765559584,1.747534247,0.151989373,7.219178082,2.741095548,1.46E+11,32.9025013,IM+SS,IM+SS,0,1,1,,40,1,,
FeCoNiCrCuAl2.8,6,Fe Co Ni Cr Cu Al,1 1 1 1 1 2.8,1.31725641,1469.036667,6.716758413,1.754871795,0.131165814,6.717948718,3.104576588,1.34E+11,44.80507861,FCC+BCC,SS,0,0,1,3,35,3,,
Cu3MgSi,3,Cu Mg Si,3 1 1,1.3176,1336.662,4.875525818,1.782,0.236,7.8,3.969886648,1.13E+11,37.36308338,IM,IM,0,1,0,2,,____,,
FeNiCrCoAl2.5,5,Fe Ni Cr Co Al,1 1 1 1 2.5 ,1.318,1510.873077,5.773695577,1.739230769,0.127246674,6.230769231,2.805320389,1.35E+11,47.3961025,BCC,SS,0,0,1,3,46,2,,
AlCrCuFeNiTi,6,Al Cr Cu Fe Ni Ti,1 1 1 1 1 1,1.318,1658.54,9.238606597,1.741666667,0.144846662,7,2.943920289,1.39E+11,36.27058802,FCC+BCC,SS,0,0,1,3,10,14,,
AuCu3,2,Au Cu,1 3,1.319,1352.66,0.974278579,2.06,0.277128129,11,0,1.60E+11,34.64101615,IM,IM,0,1,0,2,,12,,
Pd75Si25,2,Pd Si,75 25,1.3195,1792.7875,5.953924651,2.125,0.129903811,8.5,2.598076211,1.60E+11,34.64101615,AM,AM,1,0,0,1,9,1,,
FeCoNiCrCuAl3,6,Fe Co Ni Cr Cu Al,1 1 1 1 1 3.0,1.320125,1455.6475,6.680235723,1.75125,0.131475996,6.625,3.119995994,1.32E+11,45.14905868,FCC+BCC,SS,0,0,1,3,35,3,,
Al0.5CoCrCuFeNiTi2.0 ,7,Al Co Cr Cu Fe Ni Ti,0.5 1 1 1 1 1 2.0,1.320666667,1759.134,9.84353366,1.742,0.153631594,7.133333333,2.753583524,1.45E+11,32.97568128,IM+SS,IM+SS,0,1,1,,40,1,,
CoZn,2,Co Zn,1 1,1.323,1230.34,0,1.765,0.115,10.5,1.5,1.25E+11,55,IM,IM,0,1,0,2,,____,,
CrCuFeNiZr,5,Cr Cu Fe Ni Zr,1 1 1 1 1,1.3234,1840.954,11.9391792,1.726,0.217310837,7.8,2.561249695,1.44E+11,38.98005188,BCC,SS,0,0,1,3,9,14,,
AlCoCrFeNiTi1.5,6,Al Co Cr Fe Ni Ti,1 1 1 1 1 1.5,1.324923077,1743.38,9.651858062,1.723076923,0.145728125,6.461538462,2.560510304,1.43E+11,38.98353468,IM+SS,IM+SS,0,1,1,,Zhou et al. (2007a) ,7,,
Al2TiVCrCuFeMnCoNi,9,Al Ti V Cr Cu Fe Mn Co Ni,2 1 1 1 1 1 1 1 1,1.3257,1635.471,8.589318017,1.712,0.14239382,6.6,2.727636339,1.37E+11,37.83331865,SS,SS,0,0,1,,67,8,,
Au29Ag5.5Pd2.3Cu26.9Si16.3,5,Au Ag Pd Cu Si,29 5.5 2.3 26.9 16.3,1.32625125,1422.516413,7.590539949,2.1426875,0.303697468,9.545,2.809888788,1.59E+11,49.3096086,AM,AM,1,0,0,1,50,1,,
CuNiTi,3,Cu Ni Ti,1 1 1,1.328666667,1675.59,9.706389224,1.783333333,0.172111075,8.333333333,3.091206165,1.43E+11,28.67441756,IM,IM,0,1,0,2,,____,,
Cu2GeLi,3,Cu Ge Li,2 1 1,1.32875,1095.1575,6.375995633,1.6975,0.416675833,6.75,4.380353867,72750000000,67.36235967,IM,IM,0,1,0,2,,____,,
Cu17Sn3,2,Cu Sn,17 3,1.3293,1229.8665,1.224754975,1.909,0.021424285,9.95,2.49949995,1.28E+11,29.27985656,IM,IM,0,1,0,2,,____,,
Pd77Cu6Si17,3,Pd Cu Si,77 6 17,1.33144,1775.8547,9.235096192,2.131,0.126249752,9.04,2.293120145,1.64E+11,30.46309242,AM,AM,1,0,0,1,9,1,,
Ni60Nb20Hf5Ti15,4,Ni Nb Hf Ti,60 20 5 15,1.3316,2003.25,7.662797139,1.762,0.190934544,7.8,2.712931993,1.64E+11,27.27636339,AM,AM,1,0,0,1,92,1,,
AlCrMoSiTi,5,Al Cr Mo Si Ti,1 1 1 1 1,1.3318,1927.494,14.82886914,1.774,0.227824494,4.6,1.2,1.35E+11,54.73719028,B2+Mo5Si3,IM,0,1,0,,12,14,,
Pd77.5Cu6Si16.5,3,Pd Cu Si,77.5 6 16.5,1.33255,1776.55995,9.297977809,2.1325,0.125274698,9.07,2.266075903,1.64E+11,30.14365605,AM,AM,1,0,0,1,9,1,,
Ni60Nb15Hf5Ti20,4,Ni Nb Hf Ti,60 15 5 20,1.33325,1962.8,7.728864082,1.759,0.193904616,7.75,2.772634127,1.61E+11,29.64793416,AM,AM,1,0,0,1,92,1,,
Cu4In,2,Cu In,4 1,1.3344,1172.166,1.44,1.876,0.048,9.4,3.2,1.19E+11,42.668,IM,IM,0,1,0,2,,____,,
Cr2Mn11,2,Cr Mn,2 11,1.334461538,1620.692308,0.345856783,1.566923077,0.039688133,6.846153846,0.360801212,1.26E+11,14.43204849,IM,IM,0,1,0,2,,____,,
AlCu2Mn,3,Al Cu Mn,1 2 1,1.3345,1292.0025,4.765189529,1.74,0.161400124,8,3.31662479,1.19E+11,26.13426869,IM,IM,0,1,0,2,,12,,
Ni60Nb10Hf5Ti25,4,Ni Nb Hf Ti,60 10 5 25,1.3349,1922.35,7.386904088,1.756,0.196784146,7.7,2.83019434,1.58E+11,31.55946768,AM,AM,1,0,0,1,92,1,,
Pd82Si18,2,Pd Si,82 18,1.33504,1802.661,8.654974969,2.146,0.115256236,8.92,2.305124725,1.66E+11,30.73499634,AM,AM,1,0,0,1,9,1,,
Al5Hf4Ni16,3,Al Hf Ni,5 4 16,1.33632,1693.574,5.025943478,1.7524,0.229560972,7.64,3.160759402,1.48E+11,43.85430424,IM,IM,0,1,0,2,,____,,
Au46Ag5Cu29Si20,4,Au Ag Cu Si,46 5 29 20,1.33679,1408.0716,6.431312728,2.1959,0.317654199,9.6,2.8,1.67E+11,51.24217013,AM,AM,1,0,0,1,50,1,,
AlCoCrFeNiZr,6,Al Co Cr Fe Ni Zr,1 1 1 1 1 1,1.337,1758.078333,12.52339375,1.703333333,0.19997222,6.666666667,2.560381916,1.39E+11,47.21997544,AM+IM,AM+IM,1,1,0,,35,1,,
Ni60Nb20Hf10Ti10,4,Ni Nb Hf Ti,60 20 10 10,1.3374,2031.5,8.203072595,1.75,0.21099763,7.8,2.712931993,1.64E+11,27.27636339,AM,AM,1,0,0,1,92,1,,
Ni50Nb50,2,Ni Nb,50 50,1.3375,2239,0,1.755,0.155,7.5,2.5,1.75E+11,5,AM,AM,1,0,0,1,51,8,,
Ni50Nb20Hf2.5Ti17.5,4,Ni Nb Hf Ti,50 20 2.5 17.5,1.337888889,2018.138889,8.171608885,1.752222222,0.182803949,7.555555556,2.753224821,1.62E+11,28.19683898,AM,AM,1,0,0,1,92,1,,
BeCuNiTiVZr,6,Be Cu Ni Ti V Zr,1 1 1 1 1 1,1.338833333,1816.295,12.67502973,1.646666667,0.204667752,6,3.31662479,1.32E+11,35.07405085,AM+IM,AM+IM,1,1,0,,36,1,,
AlNi,2,Al Ni,1 1,1.339,1330.735,0,1.76,0.15,6.5,3.5,1.28E+11,52,IM,IM,0,1,0,2,,____,,
Ni60Nb15Hf10Ti15,4,Ni Nb Hf Ti,60 15 10 15,1.33905,1991.05,8.404168787,1.747,0.213520491,7.75,2.772634127,1.61E+11,29.64793416,AM,AM,1,0,0,1,92,1,,
Cu2Ti,2,Cu Ti,2 1,1.339333333,1552.18,0.471404521,1.78,0.169705627,8.666666667,3.299831646,1.30E+11,14.14213562,IM,IM,0,1,0,2,,____,,
Ni3Sn,2,Ni Sn,3 1,1.3395,1422.27,0.433012702,1.9225,0.021650635,8.5,2.598076211,1.50E+11,52.82754963,IM,IM,0,1,0,2,,12,,
AlBeTi,3,Al Be Ti,1 1 1,1.340666667,1478.156667,9.026709338,1.573333333,0.028674418,3,0.816496581,1.05E+11,22.29100466,IM,IM,0,1,0,2,,____,,
SmFe6Ti6N,4,Sm Fe Ti N,1 6 6 1,1.341285714,1708.585714,33.98722387,1.745,0.405599204,5.714285714,2.015247997,1.23E+11,51.1446528,IM,IM,0,1,0,2,,12,,
AlCo,2,Al Co,1 1,1.3415,1350.735,0,1.745,0.135,6,3,1.28E+11,52,IM,IM,0,1,0,2,,____,,
Ni55Nb20Hf5Ti20,4,Ni Nb Hf Ti,55 20 5 20,1.3424,2013.9,8.731425256,1.7435,0.193604623,7.5,2.783882181,1.61E+11,29.40663191,AM,AM,1,0,0,1,92,1,,
Cu51Hf14,2,Cu Hf,51 14,1.342615385,1605.081077,2.264443064,1.770769231,0.246653339,9.492307692,2.877622293,1.34E+11,12.33266697,IM,IM,0,1,0,2,,____,,
Ni60Nb20Hf15Ti5,4,Ni Nb Hf Ti,60 20 15 5,1.3432,2059.75,8.38856722,1.738,0.228683187,7.8,2.712931993,1.64E+11,27.27636339,AM,AM,1,0,0,1,92,1,,
Ti1Zr1Cu1Ni1Be1,5,Ti Zr Cu Ni Be,1 1 1 1 1,1.3434,1742.954,13.75624367,1.65,0.224053565,6.2,3.6,1.26E+11,35.85309533,AM,AM,1,0,0,1,56,2,,
AlFe2Ti,3,Al Fe Ti,1 2 1,1.344,1624.1175,4.563784066,1.7025,0.129879752,5.75,2.277608395,1.32E+11,40.33298898,IM,IM,0,1,0,2,,____,,
Al13Cr4Si4,3,Al Cr Si,13 4 4,1.344,1314.43381,4.620131185,1.674761905,0.110910476,3.761904762,1.150766283,96571428571,32.10187864,IM,IM,0,1,0,2,,____,,
Au52Pd2.3Cu29.2Si16.5,4,Au Pd Cu Si,52 2.3 29.2 16.5,1.344886,1412.28059,6.170784807,2.2397,0.315699081,9.822,2.592357228,1.76E+11,48.35859386,AM,AM,1,0,0,1,50,1,,
Al4Cu5,2,Al Cu,4 5,1.346444444,1169.192222,0.006134617,1.771111111,0.144102159,7.444444444,3.97523196,1.12E+11,31.80185568,IM,IM,0,1,0,2,,____,,
AlNi2Ti,3,Al Ni Ti,1 2 1,1.3465,1582.6175,5.184110338,1.7425,0.169318487,6.75,3.269174208,1.37E+11,45.13036672,IM,IM,0,1,0,2,,____,,
Cu51Zr14,2,Cu Zr,51 14,1.348,1523.665692,3.063658263,1.777230769,0.234320672,9.492307692,2.877622293,1.25E+11,28.43364884,IM,IM,0,1,0,2,,____,,
Ti50Cu20Ni24Si4B2,5,Ti Cu Ni Si B,50 20 24 4 2,1.34816,1771.214,11.90449196,1.7252,0.186174542,6.82,3.241542843,1.37E+11,39.17192872,AM,AM,1,0,0,1,98,1,,
Ni55Nb20Hf10Ti15,4,Ni Nb Hf Ti,55 20 10 15,1.3482,2042.15,9.37971648,1.7315,0.21237408,7.5,2.783882181,1.61E+11,29.40663191,AM,AM,1,0,0,1,92,1,,
Al31Cu16Ni14,3,Al Cu Ni,31 16 14,1.348918033,1227.112951,6.259918961,1.754918033,0.147355074,6.704918033,3.782376139,1.17E+11,43.63292682,IM,IM,0,1,0,2,,____,,
Mg2Ni9Y,3,Mg Ni Y,2 9 1,1.3515,1599.75,5.674648008,1.7525,0.273621545,8.083333333,3.328120925,1.46E+11,59.04159315,IM,IM,0,1,0,2,,____,,
Cu3Ti2,2,Cu Ti,3 2,1.3516,1591.062,0.176363261,1.756,0.176363261,8.2,3.42928564,1.28E+11,14.69693846,IM,IM,0,1,0,2,,____,,
Ni50Nb20Hf5Ti25,4,Ni Nb Hf Ti,50 20 5 25,1.3532,2024.55,9.625171219,1.725,0.194486503,7.2,2.821347196,1.57E+11,31,AM,AM,1,0,0,1,92,1,,
Al3Nb10Ni9,3,Al Nb Ni,3 10 9,1.354545455,2084.200455,4.167974097,1.728181818,0.151316536,6.772727273,2.762275383,1.61E+11,34.20018849,IM,IM,0,1,0,2,,12,,
Al4(TiVCrCuFeMnCoNi)6,9,Al Ti V Cr Cu Fe Mn Co Ni,6 1 1 1 1 1 1 1 1,1.356071429,1434.899286,7.744333697,1.682857143,0.128864745,5.571428571,2.821202523,1.20E+11,42.27026745,IM+SS,IM+SS,0,1,1,,67,8,,
CoTi,2,Co Ti,1 1,1.3565,1854.5,0,1.71,0.17,6.5,2.5,1.45E+11,35,IM,IM,0,1,0,2,,____,,
Cu4Ti3,2,Cu Ti,4 3,1.356857143,1607.725714,0.090894795,1.745714286,0.178153797,8,3.464101615,1.27E+11,14.84614978,IM,IM,0,1,0,2,,____,,
Cu10Sn3,2,Cu Sn,10 3,1.356923077,1160.995385,0.855115326,1.913846154,0.025279503,9.384615385,2.94927531,1.21E+11,34.54865363,IM,IM,0,1,0,2,,____,,
Ni57Zr20Ti13Pd10,4,Ni Zr Ti Pd,57 20 13 10,1.35838,1845.695,14.71108738,1.7749,0.274289974,8.02,2.821276307,1.49E+11,45.42687653,AM,AM,1,0,0,1,91,1,,
Ni50Nb20Hf10Ti20,4,Ni Nb Hf Ti,50 20 10 20,1.359,2052.8,10.36458431,1.713,0.212134391,7.2,2.821347196,1.57E+11,31,AM,AM,1,0,0,1,92,1,,
Al9Mn4Si3,3,Al Mn Si,9 4 3,1.3591875,1221.139375,5.591037455,1.649375,0.122956738,4.1875,1.666536453,91500000000,18.75499933,IM,IM,0,1,0,2,,____,,
Ti50Ni20Cu25Sn3Be7,5,Ti Ni Cu Sn Be,50 20 25 3 7,1.359295238,1695.138,9.221529075,1.710190476,0.18184756,6.676190476,3.410055824,1.30E+11,28.95661623,AM,AM,1,0,0,1,98,1,,
AuCu,2,Au Cu,1 1,1.36,1347.55,0,2.22,0.32,11,0,1.80E+11,40,IM,IM,0,1,0,2,,12,,
Ni57Zr20Ti16Pd7,4,Ni Zr Ti Pd,57 20 16 7,1.36099,1849.0835,13.45725043,1.7551,0.266602682,7.84,2.88,1.47E+11,45.56611802,AM,AM,1,0,0,1,91,1,,
AlCrMnTiV,5,Al Cr Mn Ti V,1 1 1 1 1,1.3618,1751.294,6.897721363,1.598,0.04621688,5,1.414213562,1.25E+11,31.93994364,B2,IM,0,1,0,2,11,14,,
AlCu2Ti,3,Al Cu Ti,1 2 1,1.3625,1397.5025,6.099436449,1.7375,0.164373812,7.25,3.766629793,1.17E+11,26.39602243,IM,IM,0,1,0,2,,____,,
Ni57Zr20Ti18Pd5,4,Ni Zr Ti Pd,57 20 18 5,1.36273,1851.3425,12.48852104,1.7419,0.260517543,7.72,2.912318664,1.46E+11,45.60501922,AM,AM,1,0,0,1,91,1,,
Pd95Si5,2,Pd Si,95 5,1.3639,1820.9975,9.709447397,2.185,0.065383484,9.7,1.307669683,1.76E+11,17.43559577,AM,AM,1,0,0,1,9,1,,
MgNi2,2,Mg Ni,1 2,1.364333333,1459.666667,0.20951312,1.71,0.282842712,7.333333333,3.771236166,1.35E+11,63.63961031,IM,IM,0,1,0,2,,12,,
Ni62Zr28Nb7Al3,4,Ni Zr Nb Al,62 28 7 3,1.36435,1887.7041,8.071584948,1.7169,0.257548811,7.76,2.877915913,1.46E+11,49.85878324,AM,AM,1,0,0,1,89,1,,
Ni61Zr27Nb8Al4,4,Ni Zr Nb Al,61 27 8 4,1.36447,1885.9788,8.519775241,1.7166,0.254386399,7.7,2.896549672,1.46E+11,49.72482554,AM,AM,1,0,0,1,89,1,,
Ni61Zr27Nb7Al5,4,Ni Zr Nb Al,61 27 7 5,1.3645,1867.8135,8.322971128,1.7167,0.254342505,7.68,2.921917179,1.45E+11,50.14077059,AM,AM,1,0,0,1,89,1,,
Cu9In4,2,Cu In,9 4,1.364769231,1072.225385,0.682749203,1.863076923,0.055384615,8.538461538,3.692307692,1.07E+11,49.23230769,IM,IM,0,1,0,2,,____,,
Ti50Ni24Cu20BSi2Sn3,6,Ti Ni Cu B Si Sn,50 24 20 1 2 3,1.3655,1729.1464,10.7893477,1.7256,0.186313285,6.83,3.231269101,1.33E+11,36.6696114,AM,AM,1,0,0,1,9,1,,
Ni57.5Zr24Nb11Al7.5,4,Ni Zr Nb Al,57.5 24 11 7.5,1.36576,1876.83025,9.638342766,1.7142,0.244375449,7.485,2.956311046,1.45E+11,49.50107743,AM,AM,1,0,0,1,89,1,,
Al4Cu3,2,Al Cu,4 3,1.366,1115.312857,0.010099422,1.734285714,0.143512781,6.428571429,3.958973274,1.03E+11,31.6717862,IM,IM,0,1,0,2,,____,,
Ni60Zr27Nb8Al5,4,Ni Zr Nb Al,60 27 8 5,1.36633,1878.0335,8.718633256,1.7136,0.253856337,7.63,2.924568344,1.45E+11,50.08005466,AM,AM,1,0,0,1,89,1,,
Cu54Zr27Ti9Be10,4,Cu Zr Ti Be,54 27 9 10,1.36731,1638.4458,7.458442787,1.6807,0.249368222,7.58,3.747479153,1.18E+11,29.69927398,AM,AM,1,0,0,1,9,1,,
AuSb2,2,Au Sb,1 2,1.367333333,1048.296667,0.20951312,2.213333333,0.230988215,7,2.828427125,1.01E+11,83.9100047,IM,IM,0,1,0,2,,____,,
Ni60Zr28Nb7Al5,4,Ni Zr Nb Al,60 28 7 5,1.36807,1871.8135,8.479275566,1.7109,0.256472591,7.62,2.935234233,1.44E+11,50.54545809,AM,AM,1,0,0,1,89,1,,
Al2Fe,2,Al Fe,2 1,1.368333333,1225.98,0.576161081,1.683333333,0.103708995,4.666666667,2.357022604,1.07E+11,44.31202495,IM,IM,0,1,0,2,,____,,
Cu5Ce,2,Cu Ce,5 1,1.369166667,1309.975,3.478327965,1.77,0.290688837,9.666666667,2.98142397,1.20E+11,43.97600356,IM,IM,0,1,0,2,,____,,
Ni57.5Zr26Nb9Al7.5,4,Ni Zr Nb Al,57.5 26 9 7.5,1.36924,1864.39025,9.407681795,1.7088,0.249763008,7.465,2.976369433,1.43E+11,50.43352335,AM,AM,1,0,0,1,89,1,,
Cu47Ti33Zr11Ni8Si,5,Cu Ti Zr Ni Si,47 33 11 8 1,1.37066,1667.8719,8.332451119,1.7193,0.214155341,7.77,3.420102338,1.25E+11,27.40270034,AM,AM,1,0,0,1,61,1,,
Cu2In,2,Cu In,2 1,1.372,1048.43,0.523782801,1.86,0.056568542,8.333333333,3.771236166,1.04E+11,50.28472023,IM,IM,0,1,0,2,,____,,
Ti45Cu25Ni15Sn3Be7Zr5,6,Ti Cu Ni Sn Be Zr,45 25 15 3 7 5,1.37201,1702.8449,9.756478121,1.6897,0.195153555,6.51,3.410263919,1.26E+11,29.89304355,AM,AM,1,0,0,1,98,1,,
Ni57.5Zr28Nb7Al7.5,4,Ni Zr Nb Al,57.5 28 7 7.5,1.37272,1851.95025,9.015860877,1.7034,0.25492242,7.445,2.996160042,1.41E+11,51.27237723,AM,AM,1,0,0,1,89,1,,
Cu47Ti34Zr11Ni8,4,Cu Ti Zr Ni,47 34 11 8,1.37375,1670.4119,7.281925809,1.7157,0.214113311,7.77,3.420102338,1.25E+11,27.32836718,AM,AM,1,0,0,1,59,1,,
Ti50Ni15Cu32Sn3,4,Ti Ni Cu Sn,50 15 32 3,1.37546,1679.3388,7.826990087,1.7233,0.183575897,7.14,3.349686553,1.29E+11,27.57514098,AM,AM,1,0,0,1,96,1,,
Ni57.5Zr30Nb5Al7.5,4,Ni Zr Nb Al,57.5 30 5 7.5,1.3762,1839.51025,8.423596153,1.698,0.259867274,7.425,3.015688147,1.39E+11,52.02216675,AM,AM,1,0,0,1,89,1,,
AlCrNbTiV,5,Al Cr Nb Ti V,1 1 1 1 1,1.3776,1997.494,6.814736972,1.608,0.039698866,4.6,1.019803903,1.35E+11,36.2789195,B2,IM,0,1,0,2,11,14,,
Ti53Cu27Ni12Zr3Al7Si3B,7,Ti Cu Ni Zr Al Si B,53 27 12 3 7 3 1,1.377886792,1703.736604,10.91405203,1.687169811,0.185603324,6.386792453,3.306856099,1.24E+11,33.60189122,AM,AM,1,0,0,1,99,1,,
CuTiZn,3,Cu Ti Zn,1 1 1,1.378333333,1330.483333,4.086009453,1.696666667,0.150628314,9,3.559026084,1.07E+11,28.67441756,IM,IM,0,1,0,2,,____,,
Ni57.5Zr32Nb3Al7.5,4,Ni Zr Nb Al,57.5 32 3 7.5,1.37968,1827.07025,7.564065035,1.6926,0.264609599,7.405,3.034958814,1.37E+11,52.6866945,AM,AM,1,0,0,1,89,1,,
Al5Co2,2,Al Co,5 2,1.380285714,1171.907143,1.576529096,1.687142857,0.121973567,4.714285714,2.710523709,1.06E+11,46.98241095,IM,IM,0,1,0,2,,____,,
Al2Cu,2,Al Cu,2 1,1.380666667,1074.903333,0.05237828,1.706666667,0.136707311,5.666666667,3.771236166,97333333333,30.16988933,IM,IM,0,1,0,2,,____,,
Ti50Ni20Cu25Sn5,4,Ti Ni Cu Sn,50 20 25 5,1.3807,1680.7965,8.772941482,1.725,0.185404962,6.95,3.278337994,1.29E+11,31.35267134,AM,AM,1,0,0,1,96,1,,
Cu54Ni6Zr22Ti18,4,Cu Ni Zr Ti,54 6 22 18,1.3807,1654.4158,7.428526763,1.7104,0.242618713,8.14,3.388273897,1.22E+11,31.28320902,AM,AM,1,0,0,1,59,1,,
AlSb,2,Al Sb,1 1,1.381,918.625,0,1.83,0.22,4,1,59000000000,17,IM,IM,0,1,0,2,,____,,
MoNbTaVW,5,Mo Nb Ta V W,1 1 1 1 1,1.381,2962.8,2.219693673,1.85,0.343394817,5.4,0.489897949,2.14E+11,53.88877434,BCC,SS,0,0,1,3,38,2,,
AlCoCu,3,Al Co Cu,7 1 2,1.3831,1101.783,4.272797678,1.695,0.129942295,5.2,3.4,99200000000,36.91287038,IM,IM,0,1,0,2,,____,,
Ni57.5Zr35Al7.5,3,Ni Zr Al,57.5 35 7.5,1.3849,1808.41025,5.430658731,1.6845,0.27136645,7.375,3.063392727,1.34E+11,53.53045538,AM,AM,1,0,0,1,89,1,,
Cu2Mg,2,Cu Mg,2 1,1.385666667,1212.846667,0.15713484,1.703333333,0.278128667,8,4.242640687,1.08E+11,44.78342948,IM,IM,0,1,0,2,,12,,
Al9Mn11,2,Al Mn,9 11,1.3869,1255.5115,0.094523807,1.577,0.029849623,5.2,1.989974874,1.00E+11,21.88972362,IM,IM,0,1,0,2,,____,,
Al8V5,2,Al V,8 5,1.387384615,1414.058462,0.41453617,1.617692308,0.009730085,3.769230769,0.973008511,1.08E+11,40.86635745,IM,IM,0,1,0,2,,____,,
Cu4Ce,2,Cu Ce,4 1,1.3874,1300.416,3.024,1.744,0.312,9.4,3.2,1.16E+11,47.2,IM,IM,0,1,0,2,,____,,
Cu4MgSn,3,Cu Mg Sn,4 1 1,1.388833333,1143.193333,2.922876986,1.811666667,0.225419362,8.333333333,3.815174381,1.11E+11,41.88774682,IM,IM,0,1,0,2,,____,,
CuGeLi2,3,Cu Ge Li,1 1 2,1.389,869.1375,8.012014903,1.4675,0.489048822,4.25,4.08503366,40500000000,57.62161053,IM,IM,0,1,0,2,,____,,
Al13Co4,2,Al Co,13 4,1.389411765,1129.83,2.25888191,1.673529412,0.114529276,4.411764706,2.545095018,1.00E+11,44.11498031,IM,IM,0,1,0,2,,____,,
Al2Li3Si2,3,Al Li Si,2 3 2,1.389571429,943.1442857,11.58595594,1.422857143,0.398881088,2.428571429,1.293626448,55000000000,39.16995933,IM,IM,0,1,0,2,,____,,
AlMn,2,Al Mn,1 1,1.391,1226.235,0,1.58,0.03,5,2,98000000000,22,IM,IM,0,1,0,2,,____,,
Cu60Zr20Hf10Ti10,4,Cu Zr Hf Ti,60 20 10 10,1.3914,1684.962,4.79315512,1.69,0.264272587,8.2,3.42928564,1.20E+11,27.26617766,AM,AM,1,0,0,1,60,1,,
Al2FeTi,3,Al Fe Ti,2 1 1,1.39175,1404.735,5.552659836,1.6475,0.109173028,4.5,2.061552813,1.08E+11,38.39270764,IM,IM,0,1,0,2,,____,,
Ni46Ti20Zr23Al12,4,Ni Ti Zr Al,46 20 23 12,1.392168317,1766.867723,11.76717706,1.669009901,0.237342986,6.613861386,3.111684454,1.29E+11,48.58295937,AM,AM,1,0,0,1,90,1,,
Al11Cu11Mg4,3,Al Cu Mg,11 11 4,1.392846154,1111.370769,0.498221076,1.686538462,0.208731375,6.230769231,4.097914031,98307692308,37.1905377,IM,IM,0,1,0,2,,____,,
Zr17Ta16Ti19Nb22Si26,5,Zr Ta Ti Nb Si,17 16 19 22 26,1.39325,2300.57,24.36215874,1.6047,0.195076677,4.38,0.485386444,1.28E+11,45.14828885,AM,AM,1,0,0,1,49,8,,
Cu60Zr30Ti10,3,Cu Zr Ti,60 30 10,1.3939,1647.162,4.413521043,1.693,0.259963459,8.2,3.42928564,1.16E+11,31.00235206,AM,AM,1,0,0,1,9,1,,
AlRe2,2,Al Re,1 2,1.394,2617.156667,0.471404521,1.803333333,0.136707311,5.666666667,1.885618083,2.72E+11,138.5929291,IM,IM,0,1,0,2,,____,,
CaCu5,2,Ca Cu,1 5,1.394333333,1317.308333,2.153250645,1.75,0.335410197,9.5,3.354101966,1.20E+11,45.83939354,IM,IM,0,1,0,2,,12,,
Al3Ru2,2,Al Ru,3 2,1.3944,1602.882,0.411514277,1.846,0.28903979,5,2.449489743,1.34E+11,70.54530459,IM,IM,0,1,0,2,,____,,
Ni45Ti20Zr25Al10,4,Ni Ti Zr Al,45 20 25 10,1.39705,1791.147,11.99027832,1.661,0.241824316,6.6,3.088689042,1.28E+11,48.6714688,AM,AM,1,0,0,1,90,1,,
NbMoTaW,4,Nb Mo Ta W,1 1 1 1,1.39725,3157.75,2.365110991,1.905,0.363696302,5.5,0.5,2.28E+11,52.14163404,BCC,SS,0,0,1,3,58,3,,
AlMo,2,Al Mo,1 1,1.3975,1914.735,0,1.885,0.275,4.5,1.5,1.53E+11,77,IM,IM,0,1,0,2,,____,,
AlMnNbTiV,5,Al Mn Nb Ti V,1 1 1 1 1,1.3978,1865.294,7.290607656,1.586,0.034985711,4.8,1.326649916,1.27E+11,34.28352374,B2+Laves,IM,0,1,0,2,14,3,,
MgNi4Y,3,Mg Ni Y,1 4 1,1.397833333,1605.666667,6.615544732,1.695,0.30516389,7.5,3.547299442,1.34E+11,64.59274125,IM,IM,0,1,0,2,,____,,
Pt3Al,2,Pt Al,3 1,1.39825,1764.4175,4.763139721,2.1125,0.29011851,8.25,3.031088913,1.92E+11,66.68395609,IM,IM,0,1,0,2,,____,,
AlMoNbSiTaTiVZr,8,Al Mo Nb Si Ta Ti V Zr,1 1 1 1 1 1 1 1,1.3985,2226.05875,18.28458169,1.65875,0.240698852,4.5,0.866025404,1.40E+11,55.20277881,AM,AM,1,0,0,1,59,8,,
Co3Sn2,2,Co Sn,3 2,1.3986,1262.832,0,1.912,0.039191836,7,2.449489743,1.31E+11,59.76754972,IM,IM,0,1,0,2,,____,,
Al9Co2,2,Al Co,9 2,1.399090909,1085.202727,2.96761719,1.659090909,0.104137544,4.090909091,2.314167648,94909090909,40.11223922,IM,IM,0,1,0,2,,____,,
Al6CoMn,3,Al Co Mn,6 1 1,1.399125,1110.9775,2.262942917,1.63625,0.094198925,4.25,2.222048604,94500000000,35.38007914,IM,IM,0,1,0,2,,____,,
Zr41Ti14Cu12.5Ni10Be22.5,5,Zr Ti Cu Ni Be,41 14 12.5 10 22.5,1.40006,1837.74125,13.43727923,1.54265,0.219468625,5.025,3.094248697,1.09E+11,36.34278451,AM,AM,1,0,0,1,32,9,,
Zr41.2Ti13.8Cu12.5Ni10Be22.5,5,Zr Ti Cu Ni Be,41.2 13.8 12.5 10 22.5,1.400342,1838.11525,13.42421791,1.54223,0.219674138,5.025,3.094248697,1.09E+11,36.38314537,AM,AM,1,0,0,1,9,1,,
Zr39.88Ti15.12Ni9.98Cu13.77Be21.25,5,Zr Ti Ni Cu Be,39.88 15.12 9.98 13.77 21.25,1.4003622,1833.044929,13.44128242,1.549125,0.221818855,5.1377,3.145749308,1.10E+11,36.18917569,AM,AM,1,0,0,1,9,1,,
Al8Mn5,2,Al Mn,8 5,1.400461538,1158.673846,0.492261702,1.586923077,0.029190255,4.538461538,1.946017022,92923076923,21.40618724,IM,IM,0,1,0,2,,____,,
Ni45Ti20Zr27Al8,4,Ni Ti Zr Al,45 20 27 8,1.40047,1815.0376,12.05733543,1.6554,0.246143942,6.62,3.068484968,1.28E+11,48.78775948,AM,AM,1,0,0,1,90,1,,
Zr42.63Ti12.37Cu11.25Ni10Be23.75,5,Zr Ti Cu Ni Be,42.63 12.37 11.25 10 23.75,1.4004833,1843.317225,13.33804195,1.535102,0.217392708,4.9125,3.038065791,1.08E+11,36.57506861,AM,AM,1,0,0,1,9,1,,
Zr38.5Ti16.5Ni9.75Cu15.15Be20,5,Zr Ti Ni Cu Be,38.5 16.5 9.75 15.15 20,1.400487487,1827.55471,13.37488797,1.555780781,0.223476638,5.246746747,3.192313862,1.10E+11,35.85947473,AM,AM,1,0,0,1,9,1,,
Zr44Ti11Cu10Ni10Be25,5,Zr Ti Cu Ni Be,44 11 10 10 25,1.40054,1848.407,13.19042541,1.5281,0.214796159,4.8,2.976575213,1.08E+11,36.74213446,AM,AM,1,0,0,1,9,1,,
Zr45.38Ti9.62Cu8.75Ni10Be26.25,5,Zr Ti Cu Ni Be,45.38 9.62 8.75 10 26.25,1.4006108,1853.515475,12.96712214,1.521077,0.211945158,4.6875,2.909440453,1.07E+11,36.89835458,AM,AM,1,0,0,1,9,1,,
Al2Ru,2,Al Ru,2 1,1.400666667,1491.313333,1.099943882,1.806666667,0.278128667,4.666666667,2.357022604,1.24E+11,67.88225099,IM,IM,0,1,0,2,,____,,
Zr46.75Ti8.25Cu7.5Ni10Be27.5,5,Zr Ti Cu Ni Be,46.75 8.25 7.5 10 27.5,1.4006675,1858.60525,12.65995692,1.514075,0.208811265,4.575,2.836260743,1.06E+11,37.04026754,AM,AM,1,0,0,1,9,1,,
TiZrNbMoV3,5,Ti Zr Nb Mo V,1 1 1 1 3,1.400714286,2323.428571,1.624895669,1.645714286,0.232431688,4.857142857,0.638876565,1.52E+11,46.21470891,BCC,SS,0,0,1,3,,15,,
Ni40Cu6Ti16Zr28Al10,5,Ni Cu Ti Zr Al,40 6 16 28 10,1.40104,1772.4132,13.81818802,1.6578,0.247986209,6.72,3.168848371,1.25E+11,48.17613517,AM,AM,1,0,0,1,90,1,,
AgPt3,2,Ag Pt,1 3,1.4015,1839.7825,0.108253175,2.1925,0.151554446,10.25,0.433012702,1.98E+11,56.29165125,IM,IM,0,1,0,2,,____,,
Ti40Zr25Ni3Cu12Be20,5,Ti Zr Ni Cu Be,40 25 3 12 20,1.40189,1835.1724,11.13837134,1.5478,0.17550829,4.62,2.71580559,1.10E+11,26.8048231,AM,AM,1,0,0,1,97,1,,
Cd3Cu4,2,Cd Cu,3 4,1.402285714,1030.534286,0.06059653,1.81,0.103923048,11.42857143,0.494871659,98000000000,48.49742261,IM,IM,0,1,0,2,,____,,
Cu60.3Zr37.2Al2.5,3,Cu Zr Al,60.3 37.2 2.5,1.40275,1633.68806,3.365453925,1.68071,0.273636978,8.196,3.459130527,1.13E+11,33.69168196,AM,AM,1,0,0,1,47,1,,
Ni40Cu5Ti17Zr28Al10,5,Ni Cu Ti Zr Al,40 5 17 28 10,1.40288,1778.2455,13.70253256,1.6542,0.247055378,6.65,3.150793551,1.25E+11,48.1778995,AM,AM,1,0,0,1,90,1,,
Al3V,2,Al V,3 1,1.403,1245.8525,1.732050808,1.615,0.008660254,3.5,0.866025404,97000000000,36.37306696,IM,IM,0,1,0,2,,____,,
CuMgSb,3,Cu Mg Sb,1 1 1,1.403,1061.516667,5.490732934,1.753333333,0.319409177,6,3.741657387,75666666667,45.50702022,IM,IM,0,1,0,2,,____,,
Cu58.7Zr36.3Al3.5,3,Cu Zr Al,58.7 36.3 3.5,1.403243655,1626.544609,3.988826902,1.679634518,0.272327193,8.136040609,3.482774225,1.12E+11,33.73060193,AM,AM,1,0,0,1,47,1,,
Ti40Zr25Ni8Cu9Be18,5,Ti Zr Ni Cu Be,40 25 8 9 18,1.40329,1849.6393,11.95009733,1.5549,0.183251166,4.75,2.72901081,1.12E+11,30.39838606,AM,AM,1,0,0,1,98,1,,
Cu59.6Zr36.9Al3.5,3,Cu Zr Al,59.6 36.9 3.5,1.403315,1627.13437,3.959848238,1.67952,0.272433789,8.137,3.481986646,1.12E+11,33.73291929,AM,AM,1,0,0,1,47,1,,
CuNbNiTiZr,5,Cu Nb Ni Ti Zr,1 1 1 1 1,1.4036,1980.954,12.72619975,1.656,0.222225111,6.8,3.059411708,1.34E+11,40.03470716,AM,AM,1,0,0,1,52,8,,
Ni39.8Cu5.97Ti15.92Zr29.86Al9.95Si0.5,6,Ni Cu Ti Zr Al Si,39.8 5.97 15.92 29.86 9.95 0.5,1.403784118,1778.966798,14.14411443,1.652559804,0.249713613,6.653333333,3.157906148,1.24E+11,48.21048163,AM,AM,1,0,0,1,90,1,,
Pt5Al3,2,Pt Al,5 3,1.403875,1625.92625,1.331338025,2.02875,0.324362355,7.375,3.388860428,1.72E+11,74.55492941,IM,IM,0,1,0,2,,____,,
Cu58.1Zr35.9Al6,3,Cu Zr Al,58.1 35.9 6,1.403915,1608.82457,5.143006936,1.67797,0.269049771,8.007,3.531706528,1.11E+11,33.7817893,AM,AM,1,0,0,1,47,1,,
Al2Mn,2,Al Mn,2 1,1.404666667,1128.646667,0.995187322,1.59,0.028284271,4.333333333,1.885618083,90666666667,20.74179891,IM,IM,0,1,0,2,,____,,
Cu11In9,2,Cu In,11 9,1.4049,940.161,0.049749372,1.846,0.059699246,7.4,3.979949748,91998500000,53.06765496,IM,IM,0,1,0,2,,____,,
Al45Cr7,2,Al Cr,45 7,1.407365385,1101.272115,1.82268844,1.616730769,0.017065615,3.403846154,1.023936886,87307692308,28.6702328,IM,IM,0,1,0,2,,____,,
AgZn3,2,Ag Zn,1 3,1.4075,828.2425,0.433012702,1.72,0.121243557,11.75,0.433012702,77500000000,12.99038106,IM,IM,0,1,0,2,,____,,
AuGa2,2,Au Ga,1 2,1.408666667,647.7166667,0.995187322,2.053333333,0.3441253,5.666666667,3.771236166,1.11E+11,77.31034141,IM,IM,0,1,0,2,,____,,
NbTaTiV,4,Nb Ta Ti V,1 1 1 1,1.40925,2541,0.824431622,1.5675,0.050682837,4.75,0.433012702,1.60E+11,32.40370349,BCC,SS,0,0,1,3,37,2,,
AlNbTiV,4,Al Nb Ti V,1 1 1 1,1.40975,1951.8675,7.749495951,1.595,0.03354102,4.25,0.829156198,1.29E+11,38.11823711,BCC,SS,0,0,1,3,107,4,,
Al13Ru4,2,Al Ru,13 4,1.409882353,1327.241765,2.496658954,1.748823529,0.250267677,4.176470588,2.120912515,1.10E+11,61.08228043,IM,IM,0,1,0,2,,____,,
Al11Mn4,2,Al Mn,11 4,1.410133333,1089.611333,1.829794181,1.594,0.026532998,4.066666667,1.768866555,87733333333,19.4575321,IM,IM,0,1,0,2,,____,,
TaNbVTiAl0.25,5,Ta Nb V Ti Al,1 1 1 1 0.25,1.410588235,2446.439412,4.845719771,1.57,0.05017616,4.647058824,0.588235294,1.55E+11,37.13325858,BCC,SS,0,0,1,3,87,3,,
Al21Cu2Mn3,3,Al Cu Mn,21 2 3,1.410692308,1033.669615,4.060946539,1.625384615,0.081534833,4.076923077,2.368431434,86000000000,20.93947321,IM,IM,0,1,0,2,,____,,
TaNbVTiAl0.5,5,Ta Nb V Ti Al,1 1 1 1 0.5,1.411777778,2362.385556,6.213232571,1.572222222,0.049615808,4.555555556,0.684934889,1.51E+11,40.37601048,BCC,SS,0,0,1,3,87,3,,
CrNbTiVZr,5,Cr Nb Ti V Zr,1 1 1 1 1,1.4118,2236.4,3.054020301,1.552,0.117881296,4.8,0.748331477,1.34E+11,37.98391472,BCC+Laves,IM+SS,0,1,1,,"38,286",4,,
AlCrTiVZr,5,Al Cr Ti V Zr,1 1 1 1 1,1.4124,1873.094,9.750372301,1.554,0.118760263,4.4,1.019803903,1.15E+11,38.84848059,IM,IM,0,1,0,2,14,3,,
Al16Ru8Ti6,3,Al Ru Ti,16 8 6,1.412933333,1581.250667,5.456818446,1.753333333,0.270669951,4.533333333,2.12498366,1.21E+11,60.97343684,IM,IM,0,1,0,2,,____,,
Ag2Ga3,2,Ag Ga,2 3,1.4132,675.718,0.09797959,1.858,0.058787754,6.2,3.919183588,73600000000,21.55550974,IM,IM,0,1,0,2,,____,,
AlNbTaTiV,5,Al Nb Ta Ti V,1 1 1 1 1,1.4138,2219.494,7.484426498,1.576,0.048414874,4.4,0.8,1.43E+11,44.37296474,BCC,SS,0,0,1,3,101,4,,
Ni45Ti20Zr35,3,Ni Ti Zr,45 20 35,1.41415,1910.6,11.98115336,1.633,0.26151673,6.7,2.984962311,1.28E+11,49.24800828,AM,AM,1,0,0,1,90,1,,
TiZrNbMoV2,5,Ti Zr Nb Mo V,1 1 1 1 2,1.414833333,2346.833333,1.837537268,1.648333333,0.250959271,4.833333333,0.687184271,1.50E+11,49.77825056,BCC,SS,0,0,1,3,,15,,
Al4Mn,2,Al Mn,4 1,1.4156,1050.576,2.736,1.598,0.024,3.8,1.6,84800000000,17.6,IM,IM,0,1,0,2,,____,,
Cu55Zr40Al5,3,Cu Zr Al,55 40 5,1.4157,1644.647,4.759660781,1.6575,0.274515482,7.8,3.544009029,1.09E+11,34.14176328,AM,AM,1,0,0,1,57,1,,
Ag3Sb,2,Ag Sb,3 1,1.41625,1152.1425,0.433012702,1.96,0.051961524,9.5,2.598076211,85500000000,25.11473671,IM,IM,0,1,0,2,,____,,
Al17Sb3,2,Al Sb,17 3,1.4167,929.0165,0.349929993,1.676,0.157111425,3.3,0.714142843,70900000000,12.14042833,IM,IM,0,1,0,2,,____,,
PtAl2,2,Pt Al,1 2,1.417,1302.78,2.304644324,1.833333333,0.315841029,5.333333333,3.299831646,1.27E+11,72.5962962,IM,IM,0,1,0,2,,____,,
Al5CuTi2,3,Al Cu Ti,5 1 2,1.42025,1238.39,6.907845015,1.62875,0.106704909,4.25,2.586020108,92500000000,22.99456458,IM,IM,0,1,0,2,,____,,
Al6Mn,2,Al Mn,6 1,1.420285714,1017.117143,3.392150518,1.601428571,0.020995626,3.571428571,1.399708424,82285714286,15.39679267,IM,IM,0,1,0,2,,____,,
Cu54Zr42.5Al3.5,3,Cu Zr Al,54 42.5 3.5,1.421515,1670.26725,4.005775791,1.6476,0.278065172,7.745,3.531285177,1.08E+11,34.28915069,AM,AM,1,0,0,1,47,1,,
Cu53.2Zr41.8Al5,3,Cu Zr Al,53.2 41.8 5,1.42155,1658.51114,4.782504698,1.64724,0.275908649,7.674,3.552425087,1.08E+11,34.25440811,AM,AM,1,0,0,1,47,1,,
Al22Fe3Ti8,3,Al Fe Ti,22 3 8,1.421909091,1257.495152,4.148763144,1.613030303,0.074690669,3.696969697,1.42456476,92787878788,28.31399437,IM,IM,0,1,0,2,,____,,
Cu51.5Zr40.5Al8,3,Cu Zr Al,51.5 40.5 8,1.421945,1635.76915,6.029217639,1.64595,0.271608353,7.525,3.590177572,1.07E+11,34.16794834,AM,AM,1,0,0,1,47,1,,
AlCrMoTaTiZr,6,Al Cr Mo Ta Ti Zr,1 1 1 1 1 1,1.423166667,2228.078333,8.932301396,1.633333333,0.257272013,4.666666667,1.105541597,1.41E+11,60.37693457,AM,AM,1,0,0,1,58,8,,
Mg50Ni50,2,Mg Ni,50 50,1.4235,1325.5,0,1.61,0.3,6,4,1.13E+11,67.5,AM,AM,1,0,0,1,55,8,,
TiZrNbMoV1.5,5,Ti Zr Nb Mo V,1 1 1 1 1.5,1.423818182,2361.727273,1.962769907,1.65,0.262054817,4.818181818,0.715818898,1.49E+11,51.89886064,BCC,SS,0,0,1,3,,15,,
Cu52.5Zr42.5Al5,3,Cu Zr Al,52.5 42.5 5,1.423825,1663.90275,4.790232018,1.64325,0.276345685,7.625,3.554486601,1.07E+11,34.28590753,AM,AM,1,0,0,1,57,1,,
Zr50Ni50,2,Zr Ni,50 50,1.4245,1928,0,1.62,0.29,7,3,1.25E+11,54.58333333,AM,AM,1,0,0,1,53,8,,
NbTiV2Zr,4,Nb Ti V Zr,1 1 2 1,1.4252,2237,1.500207986,1.546,0.112889326,4.6,0.489897949,1.34E+11,37.98391472,BCC,SS,0,0,1,3,"38,286",4,,
CrMo0.5NbTa0.5TiZr ,6,Cr Mo Nb Ta Ti Zr,1 0.5 1 0.5 1 1,1.4279,2418.4,3.389900294,1.592,0.219809008,4.9,0.830662386,1.45E+11,50.39951499,BCC+BCC+Laves ,IM+SS,0,1,1,,96,4,,
NaZn13,2,Na Zn,1 13,1.428,669.6935714,1.13527562,1.598571429,0.185428351,11.21428571,2.832933145,65450000000,16.4052583,IM,IM,0,1,0,2,,12,,
Al2CaSi2,3,Al Ca Si,2 1 2,1.4292,1271.188,8.879718914,1.604,0.328670047,3.2,0.748331477,73800000000,30.36050065,IM,IM,0,1,0,2,,____,,
Ag7Sb,2,Ag Sb,7 1,1.430625,1193.53625,0.744117556,1.945,0.03968627,10.25,1.984313483,92750000000,19.18169701,IM,IM,0,1,0,2,,____,,
Ag3Ga,2,Ag Ga,3 1,1.43175,1001.925,0.541265877,1.9,0.051961524,9,3.464101615,89000000000,19.05255888,IM,IM,0,1,0,2,,____,,
Cu50Zr45Al5,3,Cu Zr Al,50 45 5,1.43195,1683.1585,4.810342607,1.629,0.277432875,7.45,3.55633238,1.06E+11,34.34249372,AM,AM,1,0,0,1,57,1,,
ZrHfTiCuFe,5,Zr Hf Ti Cu Fe,1 1 1 1 1,1.4324,1948.754,8.475225071,1.58,0.247951608,6.2,2.856571371,1.20E+11,33.21813427,AM,AM,1,0,0,1,96,3,,
ZrHfTiAlCuNi,6,Zr Hf Ti Al Cu Ni,1 1 1 1 1 1,1.433166667,1765.706667,14.58337742,1.598333333,0.242447016,6,3.214550254,1.14E+11,37.34975044,IM+SS,IM+SS,0,1,1,,71,8,,
TiZrHfCuNi,5,Ti Zr Hf Cu Ni,1 1 1 1 1,1.4334,1932.154,13.31702069,1.596,0.265525893,6.6,3.2,1.22E+11,36.31498007,AM,AM,1,0,0,1,106,1,,
Al85.8Ni9.1Y5.1,3,Al Ni Y,85.8 9.1 5.1,1.433944,1049.91426,5.58586201,1.61741,0.126064237,3.637,2.013263768,83679000000,31.42871233,AM,AM,1,0,0,1,51,1,,
Al85.8Co9.1Y5.1,3,Al Co Y,85.8 9.1 5.1,1.434399,1053.55426,5.52776373,1.61468,0.119871171,3.546,1.725654658,83679000000,31.42871233,AM,AM,1,0,0,1,51,1,,
ZrHfTiCuCo,5,Zr Hf Ti Cu Co,1 1 1 1 1,1.4344,1940.154,11.38775483,1.59,0.258611678,6.4,3.006659276,1.22E+11,36.31498007,AM,AM,1,0,0,1,26,2,,
MoNbTiVZr,5,Mo Nb Ti V Zr,1 1 1 1 1,1.4346,2379.6,2.102417656,1.652,0.274765354,4.8,0.748331477,1.48E+11,54.31492531,BCC,SS,0,0,1,3,22,14,,
AlCrTaTiZr,5,Al Cr Ta Ti Zr,1 1 1 1 1,1.4352,2094.494,10.09752445,1.528,0.113384302,4.4,1.019803903,1.23E+11,49.79294908,AM,AM,1,0,0,1,35,8,,
Cu50Zr47Al3,3,Cu Zr Al,50 47 3,1.43537,1707.0491,3.730041616,1.6234,0.280568067,7.47,3.533992077,1.06E+11,34.43926421,AM,AM,1,0,0,1,58,1,,
Al2CuMg,3,Al Cu Mg,2 1 1,1.43575,1036.9275,0.488140605,1.6075,0.208611481,4.75,3.631459762,84250000000,34.58594368,IM,IM,0,1,0,2,,____,,
CrNbTiZr ,4,Cr Nb Ti Zr,1 1 1 1,1.43575,2249.75,3.640054945,1.5325,0.12437343,4.75,0.829156198,1.28E+11,39.93647299,BCC+Laves,IM+SS,0,1,1,,"38,286",4,,
BiCuMg,3,Bi Cu Mg,1 1 1,1.436333333,941.8233333,6.081070947,1.743333333,0.31030451,6,3.741657387,72000000000,48.42175819,IM,IM,0,1,0,2,,____,,
Al85.5Fe9Ce5.5,3,Al Fe Ce,85.5 9 5.5,1.436425,1020.01185,6.045608545,1.60285,0.132326783,3.45,1.430908802,81490000000,30.42170114,AM,AM,1,0,0,1,51,1,,
CaZn13,2,Ca Zn,1 13,1.4365,722.8457143,4.162677274,1.603571429,0.167400595,11.28571429,2.575393768,66214285714,13.64958697,IM,IM,0,1,0,2,,____,,
AlCuMg,3,Al Cu Mg,1 1 1,1.437,1071.413333,0.608580619,1.606666667,0.240878024,5.333333333,4.027681991,87000000000,39.55586766,IM,IM,0,1,0,2,,____,,
HfW2,2,Hf W,1 2,1.437333333,3298.666667,0.314269681,2.006666667,0.499688792,5.333333333,0.942809042,2.43E+11,94.28090416,IM,IM,0,1,0,2,,____,,
Au2Bi,2,Au Bi,2 1,1.438,1073.12,0.10475656,2.366666667,0.245130351,9,2.828427125,1.57E+11,89.09545443,IM,IM,0,1,0,2,,____,,
Al18Cr2Mg3,3,Al Cr Mg,18 2 3,1.438130435,1040.498261,3.440187489,1.575217391,0.103666252,3.130434783,0.946588742,79260869565,26.98665917,IM,IM,0,1,0,2,,____,,
MgCu,2,Mg Cu,50 50,1.4395,1140.385,0,1.605,0.295,6.5,4.5,92500000000,47.5,AM,AM,1,0,0,1,54,8,,
Al3Ti,2,Al Ti,3 1,1.4395,1185.3525,3.247595264,1.5925,0.030310889,3.25,0.433012702,84500000000,14.72243186,IM,IM,0,1,0,2,,12,,
Cu43Zr43Al7Ag7,4,Cu Zr Al Ag,43 43 7 7,1.44022,1650.6691,7.266321097,1.6367,0.276279044,7.43,3.57842144,1.03E+11,32.94310461,AM,AM,1,0,0,1,58,1,,
Al86Y4.5Ni8La1.5,4,Al Y Ni La,86 4.5 8 1.5,1.440475,1039.8742,5.811229483,1.6088,0.133957307,3.56,1.899052395,82025000000,30.30947665,AM,AM,1,0,0,1,51,1,,
CuZr,2,Cu Zr ,50 50,1.4405,1742.885,0,1.615,0.285,7.5,3.5,1.05E+11,34.58333333,AM,AM,1,0,0,1,56,1,,
Ag2Al,2,Ag Al,2 1,1.440666667,1134.443333,0.20951312,1.823333333,0.150849447,8.333333333,3.771236166,92000000000,11.3137085,IM,IM,0,1,0,2,,____,,
TiZrNbMoV0.75,5,Ti Zr Nb Mo V,1 1 1 1 0.75,1.440842105,2389.947368,2.178467242,1.653157895,0.281855742,4.789473684,0.766327357,1.48E+11,55.65628756,BCC,SS,0,0,1,3,,15,,
AlTi,2,Al Ti,1 1,1.447,1437.235,0,1.575,0.035,3.5,0.5,93000000000,17,IM,IM,0,1,0,2,,____,,
TiZrNbMoV0.5,5,Ti Zr Nb Mo V,1 1 1 1 0.5,1.447777778,2401.444444,2.259562821,1.654444444,0.289524941,4.777777778,0.785674201,1.47E+11,57.10178504,BCC,SS,0,0,1,3,,15,,
Cu46Zr42Al7Y5,4,Cu Zr Al Y,46 42 7 5,1.45148,1673.6271,7.394921373,1.6063,0.28143438,7.1,3.612478374,1.02E+11,36.12964526,AM,AM,1,0,0,1,62,1,,
NbTiVZr,4,Nb Ti V Zr,1 1 1 1,1.4525,2250.5,1.598338982,1.525,0.117153745,4.5,0.5,1.28E+11,39.93647299,BCC,SS,0,0,1,3,"38,286",4,,
Zr57Ti5Cu20Ni8Be10,5,Zr Ti Cu Ni Be,57 5 20 8 10,1.45489,1875.804,10.28772813,1.5249,0.248738799,5.68,3.202748819,1.01E+11,37.55356452,AM,AM,1,0,0,1,9,1,,
TiZrNbMoV0.25,5,Ti Zr Nb Mo V,1 1 1 1 0.25,1.455529412,2414.294118,2.347013854,1.655882353,0.297856239,4.764705882,0.8065476,1.46E+11,58.66555585,BCC,SS,0,0,1,3,,15,,
AlNb1.5Ta0.5Ti1.5Zr0.5,5,Al Nb Ta Ti Zr,1 1.5 0.5 1.5 0.5,1.457,2135.794,9.638789966,1.547,0.081123363,4.2,0.748331477,1.26E+11,44.82695432,BCC,SS,0,0,1,3,95,4,,
AgTi3,2,Ag Ti,1 3,1.45775,1764.4825,0.216506351,1.6375,0.168874954,5.75,3.031088913,1.08E+11,4.330127019,IM,IM,0,1,0,2,,____,,
Ni3Sn4,2,Ni Sn,3 4,1.459714286,1029.188571,0.040397686,1.938571429,0.024743583,6.571428571,2.969229956,1.10E+11,60.37434244,IM,IM,0,1,0,2,,____,,
Au9Sn,2,Au Sn,9 1,1.4598,1254.105,1.92,2.482,0.174,10.3,2.1,2.04E+11,48.6,IM,IM,0,1,0,2,,____,,
MgZn2,2,Mg Zn,1 2,1.463666667,769.4533333,0.20951312,1.536666667,0.160277537,8.666666667,4.714045208,61666666667,11.78511302,IM,IM,0,1,0,2,,12,,
Al3In,2,Al In,3 1,1.464,807.54,0.757772228,1.6525,0.073612159,3,0,65332500000,18.47665199,IM,IM,0,1,0,2,,____,,
CrHfNbTiZr ,5,Cr Hf Nb Ti Zr,1 1 1 1 1,1.4642,2301,3.57211422,1.486,0.144996552,4.6,0.8,1.24E+11,36.41580853,BCC+Laves+Laves ,IM+SS,0,1,1,,86,4,,
TiZrNbMo,4,Ti Zr Nb Mo,1 1 1 1,1.46425,2428.75,2.443102536,1.6575,0.306950729,4.75,0.829156198,1.45E+11,60.36456086,BCC,SS,0,0,1,3,,15,,
AlMo0.5NbTa0.5TiZr ,6,Al Mo Nb Ta Ti Zr,1 0.5 1 0.5 1 1 ,1.4645,2169.094,10.56443543,1.582,0.217614338,4.3,0.9,1.28E+11,56.30871257,BCC+B2 ,IM+SS,0,1,1,,94,4,,
Ca7Mg6Si14,3,Ca Mg Si,7 6 14,1.465925926,1368.925926,10.43796088,1.535555556,0.39311042,3.037037037,0.999313894,66259259259,36.32935003,IM,IM,0,1,0,2,,____,,
Al7Cu3Mg6,3,Al Cu Mg,7 3 6,1.4665,1009.1,0.487781971,1.551875,0.21480278,4.125,3.333072906,76375000000,33.58920027,IM,IM,0,1,0,2,,____,,
Al0.5NbTa0.8Ti1.5V0.2Zr,6,Al Nb Ta Ti V Zr,0.5 1 0.8 1.5 0.2 1,1.46964,2264.967,8.527177148,1.5142,0.099721412,4.3,0.640312424,1.27E+11,47.36782781,BCC+BCC,SS,0,0,1,3,95,4,,
Ag5Sn,2,Ag Sn,5 1,1.474166667,1113.288333,0.496903995,1.935,0.01118034,9.833333333,2.608745974,93000000000,15.65247584,IM,IM,0,1,0,2,,____,,
Al3Zr,2,Al Zr,3 1,1.47475,1232.1025,4.763139721,1.54,0.121243557,3.25,0.433012702,74708333333,2.237232293,IM,IM,0,1,0,2,,____,,
Cu2In3Sn1,3,Cu In Sn,2 3 1,1.476,751.645,2.498696505,1.85,0.072801099,5.833333333,3.670452591,72998333333,48.17351742,IM,IM,0,1,0,2,,____,,
Al0.3NbTa0.8Ti1.4V0.2Zr1.3,6,Al Nb Ta Ti V Zr,0.3 1 0.8 1.4 0.2 1.3,1.4793,2316.4882,7.240567591,1.4988,0.106595309,4.34,0.58685603,1.26E+11,48.19255832,BCC,SS,0,0,1,3,95,4,,
Al6CuMg4,3,Al Cu Mg,6 1 4,1.479454545,968.2354545,0.312960268,1.527272727,0.183109054,3.363636364,2.459590774,70545454545,26.30714952,IM,IM,0,1,0,2,,____,,
Ag4Sn,2,Ag Sn,4 1,1.48,1088.96,0.432,1.936,0.012,9.6,2.8,91600000000,16.8,IM,IM,0,1,0,2,,____,,
Zr57Nb5Cu15.4Ni12.6Al10,5,Zr Nb Cu Ni Al,57 5 15.4 12.6 10,1.482168,1870.63158,11.42411164,1.53236,0.2509112,5.784,3.008212758,1.01E+11,42.89271043,AM,AM,1,0,0,1,103,1,,
Mg2Ni,2,Mg Ni,2 1,1.482666667,1191.333333,0.20951312,1.51,0.282842712,4.666666667,3.771236166,90000000000,63.63961031,IM,IM,0,1,0,2,,____,,
Al8Li5Mg2,3,Al Li Mg,8 5 2,1.483533333,772.1473333,0.849145278,1.36,0.286006993,2.2,0.909212113,50200000000,29.50977239,IM,IM,0,1,0,2,,____,,
Al0.3NbTaTi1.4Zr1.3,5,Al Nb Ta Ti Zr,0.3 1 1 1.4 1.3,1.48386,2360.7682,7.272507347,1.4936,0.103184495,4.34,0.58685603,1.28E+11,49.92191247,BCC+BCC,SS,0,0,1,3,95,4,,
Zr58.5Nb2.8Cu15.6Ni12.8Al10.3,5,Zr Nb Cu Ni Al,58.5 2.8 15.6 12.8 10.3,1.484119,1851.02353,10.75480229,1.52956,0.253052972,5.785,3.032618506,98905500000,41.97363839,AM,AM,1,0,0,1,104,1,,
HfMoNbTiZr,5,Hf Mo Nb Ti Zr,1 1 1 1 1,1.487,2444.2,2.311709324,1.586,0.309554519,4.6,0.8,1.38E+11,55.79824768,BCC,SS,0,0,1,3,140,4,,
Mg32Al24.5Zn24.5,3,Mg Al Zn,32 24.5 24.5,1.487574074,856.5021605,1.191731419,1.503580247,0.157207959,5.327160494,4.413545713,61938271605,13.88564022,IM,IM,0,1,0,2,,12,,
AuNi2Sn4,3,Au Ni Sn,1 2 4,1.487714286,973.3785714,2.823437172,2.028571429,0.209927101,6.714285714,3.149343955,1.16E+11,68.10076568,IM,IM,0,1,0,2,,____,,
Al0.4Hf0.6NbTaTiZr,6,Al Hf Nb Ta Ti Zr,0.4 0.6 1 1 1 1,1.48872,2397.1976,8.313593039,1.4788,0.115838508,4.32,0.61449166,1.29E+11,48.59128225,BCC,SS,0,0,1,3,94,4,,
Ag3Sn,2,Ag Sn,3 1,1.48875,1052.4675,0.324759526,1.9375,0.012990381,9.25,3.031088913,89500000000,18.18653348,IM,IM,0,1,0,2,,____,,
Au3In2,2,Au In,3 2,1.4892,974.298,0.215555097,2.236,0.372322441,7.8,3.919183588,1.45E+11,91.44925006,IM,IM,0,1,0,2,,____,,
Al4Li9,2,Al Li,4 9,1.492230769,601.3146154,0.273099681,1.173846154,0.290769231,1.615384615,0.923076923,31000000000,30,IM,IM,0,1,0,2,,____,,
CuMg2,2,Cu Mg,1 2,1.493333333,1067.923333,0.15713484,1.506666667,0.278128667,5,4.242640687,76666666667,44.78342948,IM,IM,0,1,0,2,,____,,
Zr66Al8Ni26,3,Zr Al Ni,66 8 26,1.4965,1928.4376,3.727142597,1.5032,0.252463383,5.48,2.692508124,99630000000,47.65922191,AM,AM,1,0,0,1,9,1,,
Zr65Al7.5Cu17.5Ni10,4,Zr Al Cu Ni,65 7.5 17.5 10,1.4976,1863.62,8.442054702,1.50875,0.25382265,5.75,3.031088913,94241666667,38.50964796,AM,AM,1,0,0,1,102,1,,
Zr66Al8Cu7Ni19,4,Zr Al Cu Ni,66 8 7 19,1.49874,1902.5215,7.932141274,1.5025,0.251345877,5.55,2.819131072,96830000000,43.88039919,AM,AM,1,0,0,1,"32,101",1,,
Al3Yb,2,Al Yb,3 1,1.499,973.1025,2.165063509,1.4825,0.220836478,3,0,64750000000,19.48557159,IM,IM,0,1,0,2,,____,,
Al3Mg2,2,Al Mg,3 2,1.4996,929.282,0.039191836,1.49,0.146969385,2.6,0.489897949,63600000000,15.18683641,IM,IM,0,1,0,2,,____,,
Zr66Al8Cu12Ni14,4,Zr Al Cu Ni,66 8 12 14,1.50034,1884.01,8.52418585,1.502,0.250543409,5.6,2.905167809,94830000000,40.85106404,AM,AM,1,0,0,1,"32,101",1,,
HfNbTaTiZr,5,Hf Nb Ta Ti Zr,1 1 1 1 1,1.5004,2523,1.208370804,1.454,0.118253964,4.4,0.489897949,1.32E+11,46.42676431,BCC,SS,0,0,1,3,36,2,,
Cd10Cu3,2,Cd Cu,10 3,1.501076923,770.4238462,0.732955994,1.738461538,0.088478259,11.76923077,0.421325044,64615384615,41.28985434,IM,IM,0,1,0,2,,____,,
Zr66Al9Cu16Ni9,4,Zr Al Cu Ni,66 9 16 9,1.50348,1861.2555,8.234657887,1.4986,0.246759073,5.57,2.950440645,92190000000,37.20621229,AM,AM,1,0,0,1,"32,101",1,,
Nd60Al10Ni10Cu10Fe10,5,Nd Al Ni Cu Fe,60 10 10 10 10,1.5037,1359.424,8.934826243,1.409,0.338214429,5,3.130495168,75800000000,59.46730194,AM,AM,1,0,0,1,88,1,,
Nd60Al10Ni10Cu16Fe4,5,Nd Al Ni Cu Fe,60 10 10 16 4,1.50592,1332.2302,8.010368346,1.4132,0.343804828,5.18,3.374551822,74000000000,56.9912274,AM,AM,1,0,0,1,88,1,,
Nd60Al10Ni10Cu18Fe2,5,Nd Al Ni Cu Fe,60 10 10 18 2,1.50666,1323.1656,7.452936398,1.4146,0.345636861,5.24,3.449985507,73400000000,56.1287805,AM,AM,1,0,0,1,88,1,,
Ni60Al10Ni10Cu20,4,Nd Al Ni Cu,60 10 10 20,1.5074,1314.101,6.697493262,1.416,0.347453594,5.3,3.522782991,72800000000,55.24635735,AM,AM,1,0,0,1,88,1,,
Ni61Al11Ni8Co5Cu15,5,Nd Al Ni Co Cu,61 11 8 5 15,1.51185,1322.3272,9.915696617,1.4043,0.340435765,5.06,3.328122594,72280000000,56.45884873,AM,AM,1,0,0,1,9,1,,
Al11Sm3,2,Al Sm,11 3,1.513,1021.687143,5.0913908,1.515714286,0.180543397,3,0,67857142857,15.59238433,IM,IM,0,1,0,2,,____,,
Nd60Al15Ni10Cu10Fe5,5,Nd Al Ni Cu Fe,60 15 10 10 5,1.51325,1315.5475,8.398888483,1.398,0.327759058,4.75,3.080178566,71100000000,55.41290463,AM,AM,1,0,0,1,9,1,,
Pr60Al10Ni10Cu20,4,Pr Al Ni Cu,60 10 10 20,1.5134,1260.191,6.697493262,1.41,0.352221521,5.3,3.522782991,71000000000,56.5791481,AM,AM,1,0,0,1,64,1,,
Al11Ce3,2,Al Ce,11 3,1.516214286,962.9407143,5.0913908,1.505,0.201059693,3,0,64428571429,22.15759878,IM,IM,0,1,0,2,,____,,
CuEr,2,Cu Er,1 1,1.517,1563.885,0,1.57,0.33,7,4,92000000000,48,IM,IM,0,1,0,2,,____,,
Al20Li20Mg10Sc20Ti30,5,Al Li Mg Sc Ti,20 20 10 20 30,1.5171,1314.832,14.11674183,1.383,0.225435135,2.8,1.077032961,66300000000,35.58103427,HCP,SS,0,0,1,3,50,3,,
HfNbTiZr,4,Hf Nb Ti Zr,1 1 1 1,1.518,2331.25,1.211919964,1.4425,0.129687123,4.25,0.433012702,1.15E+11,35.44545399,BCC,SS,0,0,1,3,100,4,,
Ag5Cd8,2,Ag Cd,5 8,1.520692308,840.6469231,0.051817021,1.782307692,0.116761021,11.61538462,0.486504255,64307692308,28.21724681,IM,IM,0,1,0,2,,____,,
Mg60Cu29Y10Si,4,Mg Cu Y Si,60 29 10 1,1.52295,1144.3233,4.045657299,1.478,0.277517567,4.73,4.022076578,72700000000,43.37983402,AM,AM,1,0,0,1,83,1,,
AlTiVYZr,5,Al Ti V Y Zr,1 1 1 1 1,1.523,1796.894,13.56092032,1.466,0.162554606,3.8,0.748331477,91566666667,40.62533419,AM+IM,AM+IM,1,1,0,,36,1,,
AgZr,2,Ag Zr,1 1,1.524,1681.465,0,1.63,0.3,7.5,3.5,85416666667,14.58333333,IM,IM,0,1,0,2,,____,,
Mg54Cu26.5Ag8.5Gd11,4,Mg Cu Ag Gd,54 26.5 8.5 11,1.524145,1137.6581,4.059060387,1.50695,0.295740084,5.26,4.222842644,74080000000,42.5263871,AM,AM,1,0,0,1,38,8,,
CuDy,2,Cu Dy,1 1,1.526,1521.385,0,1.56,0.34,7,4,90500000000,49.5,IM,IM,0,1,0,2,,____,,
CaAl2Zn2,3,Ca Al Zn,1 2 2,1.526,873.46,6.43341278,1.504,0.252634123,6.4,4.586937976,61800000000,22.56014184,IM,IM,0,1,0,2,,____,,
Al4In3Sn3,3,Al In Sn,4 3 3,1.5268,653.837,1.749477636,1.766,0.145203306,3.3,0.458257569,57799000000,17.66754847,IM,IM,0,1,0,2,,____,,
Al3Zr4,2,Al Zr,3 4,1.529714286,1616.058571,0.444374551,1.45,0.138564065,3.571428571,0.494871659,73047619048,2.556836906,IM,IM,0,1,0,2,,12,,
AuSn,2,Au Sn,1 1,1.531,921.205,0,2.25,0.29,7.5,3.5,1.39E+11,81,IM,IM,0,1,0,2,,____,,
Al12Mg17,2,Al Mg,12 17,1.531068966,927.3324138,0.02928135,1.434137931,0.147753692,2.413793103,0.492512305,57827586207,15.26788147,IM,IM,0,1,0,2,,____,,
ZrTi,2,Zr Ti,50 50,1.5325,2034.5,0,1.435,0.105,4,0,90416666667,19.58333333,AM,AM,1,0,0,1,53,8,,
Bi2Mg3,2,Bi Mg,2 3,1.5326,771.68,0.195959179,1.594,0.347827543,3.2,1.469693846,39400000000,6.85857128,IM,IM,0,1,0,2,,____,,
Zr70Pd30,2,Zr Pd,70 30,1.5346,2038.015,6.672230212,1.591,0.398684085,5.8,2.749545417,1.04E+11,50.02645134,AM,AM,1,0,0,1,100,1,,
Al2Zr3,2,Al Zr,2 3,1.5346,1650.188,0.862220389,1.442,0.137171426,3.6,0.489897949,72900000000,2.531139401,IM,IM,0,1,0,2,,12,,
Mg65Ni20Nd15,3,Mg Ni Nd,65 20 15,1.53585,1139.65,4.122172122,1.4045,0.259624248,3.75,3.144439537,70050000000,55.16201138,AM,AM,1,0,0,1,9,1,,
AlNd,2,Al Nd,1 1,1.536,1113.735,0,1.375,0.235,3,0,54000000000,22,IM,IM,0,1,0,2,,____,,
Mg65Cu20Ni5Gd10,4,Mg Cu Ni Gd,65 20 5 10,1.53865,1116.504,3.243353974,1.447,0.264690385,4.3,3.769615365,70050000000,45.756393,AM,AM,1,0,0,1,56,1,,
Mg65Cu25Gd10,3,Mg Cu Gd,65 25 10,1.54025,1097.9925,2.798747086,1.4465,0.263823331,4.35,3.850649296,68050000000,41.59143542,AM,AM,1,0,0,1,82,1,,
Mg65Cu25Y10,3,Mg Cu Y,65 25 10,1.54035,1119.2925,2.798747086,1.4485,0.262016698,4.35,3.850649296,68350000000,41.38390388,AM,AM,1,0,0,1,9,1,,
Al4Ca,2,Al Ca,4 1,1.5408,969.776,2.88,1.488,0.244,2.8,0.4,64200000000,23.6,IM,IM,0,1,0,2,,____,,
AuCdSn,3,Au Cd Sn,1 1 1,1.543333333,812.21,3.168128318,2.063333333,0.354620298,9,3.559026084,1.07E+11,80.40453276,IM,IM,0,1,0,2,,____,,
Au2Pb,2,Au Pb,2 1,1.544666667,1091.756667,0.10475656,2.47,0.098994949,8.666666667,3.299831646,1.62E+11,82.02438662,IM,IM,0,1,0,2,,____,,
Mg75Ni15Nd10,3,Mg Ni Nd,75 15 10,1.55165,1080.85,3.053669923,1.383,0.227070474,3.3,2.83019434,63950000000,48.9034508,AM,AM,1,0,0,1,9,1,,
Cd5Li4Mg,3,Cd Li Mg,5 4 1,1.5517,570.886,2.709686329,1.368,0.335255127,6.6,5.407402334,29900000000,15.45606677,IM,IM,0,1,0,2,,____,,
Mg65Cu15Zn10Y10,4,Mg Cu Zn Y,65 15 10 10,1.55205,1052.7835,3.464426468,1.4235,0.227382387,4.45,4.030818775,61350000000,33.91942659,AM,AM,1,0,0,1,84,1,,
Mg65Cu7.5Ni7.5Zn5Ag5Y10,6,Mg Cu Ni Zn Ag Y,65 7.5 7.5 5 5 10,1.55215,1107.66325,4.0436619,1.43825,0.249938868,4.325,3.823529129,65850000000,42.34533622,AM,AM,1,0,0,1,87,1,,
Mg65Cu15Ag5Pd5Gd10,5,Mg Cu Ag Pd Gd,65 15 5 5 10,1.55345,1115.3645,8.15576802,1.463,0.298062074,4.3,3.769615365,68050000000,43.47237629,AM,AM,1,0,0,1,86,1,,
Mg70Ni15Nd15,3,Mg Ni Nd,70 15 15,1.5536,1099.4,3.601989034,1.3745,0.232754699,3.35,2.815581645,63300000000,49.23626712,AM,AM,1,0,0,1,9,1,,
Mg65Cu15Ag10Y10,4,Mg Cu Ag Y,65 15 10 10,1.55705,1107.0085,3.420286063,1.4515,0.267287766,4.35,3.850649296,64350000000,35.82495639,AM,AM,1,0,0,1,85,1,,
Al2Sm,2,Al Sm,2 1,1.558,1070.696667,1.990374643,1.463333333,0.207417989,3,0,63333333333,17.91337179,IM,IM,0,1,0,2,,____,,
AuSn2,2,Au Sn,1 2,1.560666667,782.4966667,0.523782801,2.153333333,0.273414622,6.333333333,3.299831646,1.12E+11,76.36753237,IM,IM,0,1,0,2,,____,,
AgMg3,2,Ag Mg,1 3,1.562,1000.9825,1.082531755,1.465,0.268467875,4.25,3.897114317,58750000000,23.8156986,IM,IM,0,1,0,2,,____,,
Al2Ce,2,Al Ce,2 1,1.563,979.3133333,1.990374643,1.446666667,0.230988215,3,0,58000000000,25.45584412,IM,IM,0,1,0,2,,____,,
SbY,2,Sb Y,1 1,1.566,1351.39,0,1.635,0.415,4,1,41500000000,0.5,IM,IM,0,1,0,2,,____,,
Mg6Pd,2,Mg Pd,6 1,1.568714286,1052.292857,7.141369512,1.437142857,0.311435124,3.142857143,2.799416849,64285714286,47.24015933,IM,IM,0,1,0,2,,____,,
Mg80Ni10Nd10,3,Mg Ni Nd,80 10 10,1.5694,1040.6,2.602152955,1.353,0.192460386,2.9,2.385372088,57200000000,41.11642008,AM,AM,1,0,0,1,9,1,,
Gd36Al24Co20Nd20,4,Gd Al Co Nd,36 24 20 20,1.57024,1407.3928,12.9397767,1.4224,0.289969378,4.2,2.4,74320000000,55.38427214,AM,AM,1,0,0,1,79,1,,
Y36Sc20Al24Co20,4,Y Sc Al Co,36 20 24 20,1.5708,1588.0728,10.92538855,1.4736,0.251457829,4.2,2.4,80400000000,51.54648388,AM,AM,1,0,0,1,38,8,,
Cd3Mg,2,Cd Mg,3 1,1.57625,676.415,0.649519053,1.595,0.164544827,9.5,4.330127019,42750000000,1.299038106,IM,IM,0,1,0,2,,____,,
Al2La,2,Al La,2 1,1.581,1019.98,1.990374643,1.44,0.240416306,3,0,60000000000,22.627417,IM,IM,0,1,0,2,,____,,
Dy4Sb3,2,Dy Sb,4 3,1.583714286,1350.191429,0.676661248,1.575714286,0.410743477,3.857142857,0.989743319,41428571429,0.494871659,IM,IM,0,1,0,2,,____,,
AuSn4,2,Au Sn,1 4,1.5844,671.53,1.44,2.076,0.232,5.4,2.8,90400000000,64.8,IM,IM,0,1,0,2,,____,,
CdMg,2,Cd Mg,1 1,1.5845,758.61,0,1.5,0.19,7,5,43500000000,1.5,IM,IM,0,1,0,2,,____,,
Ho35Al24Co20Y21,4,Ho Al Co Y,35 24 20 21,1.5904,1566.8728,10.65387477,1.4491,0.266781165,4.2,2.4,76850000000,53.60342806,AM,AM,1,0,0,1,56,1,,
CdMg3,2,Cd Mg,1 3,1.59275,840.805,0.649519053,1.405,0.164544827,4.5,4.330127019,44250000000,1.299038106,IM,IM,0,1,0,2,,____,,
Tb36Al24Co20Y20,4,Tb Al Co Y,36 24 20 20,1.59544,1523.8728,10.76440009,1.4024,0.309092607,4.2,2.4,76372000000,53.93446038,AM,AM,1,0,0,1,56,1,,
Sb3Y4,2,Sb Y,3 4,1.599714286,1415.334286,0.68676067,1.575714286,0.410743477,3.857142857,0.989743319,41428571429,0.494871659,IM,IM,0,1,0,2,,____,,
CaAlZn,3,Ca Al Zn,1 1 1,1.601,913.7166667,6.556810928,1.42,0.297433466,5.666666667,4.496912521,54333333333,26.51205177,IM,IM,0,1,0,2,,____,,
Gd56Al24Co20,3,Gd Al Co,56 24 20,1.60244,1465.7928,5.626965195,1.4344,0.27907103,4.2,2.4,75520000000,54.51247197,AM,AM,1,0,0,1,79,1,,
Gd50Al24Co20Y6,4,Gd Al Co Y,50 24 20 6,1.6025,1478.5728,8.17905342,1.4356,0.278101852,4.2,2.4,75700000000,54.39310618,AM,AM,1,0,0,1,79,1,,
Gd40Al24Co20Y16,4,Gd Al Co Y,40 24 20 16,1.6026,1499.8728,10.30763721,1.4376,0.27646743,4.2,2.4,76000000000,54.19225037,AM,AM,1,0,0,1,79,1,,
Gd46Al24Co20Y20,4,Gd Al Co Y,36 24 20 20,1.60264,1508.3928,10.73691002,1.4384,0.275806889,4.2,2.4,76120000000,54.11123358,AM,AM,1,0,0,1,79,1,,
Gd60Cu20Ni10Al10,4,Gd Cu Ni Al,60 20 10 10,1.604,1489.301,6.89492567,1.452,0.318929459,5.3,3.522782991,76400000000,52.60266153,AM,AM,1,0,0,1,80,1,,
Dy5Sb3,2,Dy Sb,5 3,1.6075,1392.0425,2.02726472,1.53125,0.401822022,3.75,0.968245837,41375000000,0.484122918,IM,IM,0,1,0,2,,____,,
Bi2CaMg2,3,Bi Ca Mg,2 1 2,1.6076,810.08,12.07572905,1.532,0.414217334,3.2,1.469693846,33800000000,10.47664068,IM,IM,0,1,0,2,,____,,
Ce57Al10Ni12.5Cu15.5Nb5,5,Ce Al Ni Cu Nb,57 10 12.5 15.5 5,1.60874,1267.77135,11.49066679,1.41265,0.349571849,5.215,3.367309757,72840000000,63.88125234,AM,AM,1,0,0,1,53,1,,
Ca2Mg6Zn3,3,Ca Mg Zn,2 6 3,1.613,895.0945455,3.618654683,1.346363636,0.218352206,4.727272727,4.453617714,46727272727,17.60728625,IM,IM,0,1,0,2,,____,,
CdSn10,2,Cd Sn,1 10,1.615272727,513.1836364,0,1.935454545,0.077619543,4.727272727,2.299838298,56545454545,4.599676597,IM,IM,0,1,0,2,,____,,
Ce60Al10Ni10Cu20,4,Ce Al Ni Cu,60 10 10 20,1.6184,1180.301,6.605977899,1.404,0.356992997,5.3,3.522782991,66800000000,59.71398496,AM,AM,1,0,0,1,53,1,,
Ce60Al15Ni15Cu10,4,Ce Al Ni Cu,60 15 15 10,1.6245,1177.5975,6.620445604,1.39,0.34288482,4.85,3.213642793,65600000000,60.60891024,AM,AM,1,0,0,1,53,1,,
Sb3Y5,2,Sb Y,3 5,1.625,1463.2925,2.057522403,1.53125,0.401822022,3.75,0.968245837,41375000000,0.484122918,IM,IM,0,1,0,2,,____,,
AlCe1,2,Al Ce,1 1,1.6285,1002.235,0,1.365,0.245,3,0,49000000000,27,IM,IM,0,1,0,2,,____,,
La55Al25Ni20,3,La Al Ni,55 25 20,1.64065,1235.1175,4.797253277,1.3895,0.335312914,4.4,2.8,70400000000,58.30128644,AM,AM,1,0,0,1,9,1,,
La55Al25Ni15Cu5,4,La Al Ni Cu,55 25 15 5,1.64225,1216.606,6.73988965,1.389,0.334542972,4.45,2.906458326,68400000000,55.10571658,AM,AM,1,0,0,1,81,1,,
La55Al25Ni10Cu10,4,La Al Ni Cu,55 25 10 10,1.64385,1198.0945,7.606589249,1.3885,0.333770505,4.5,3.008321791,66400000000,51.6356466,AM,AM,1,0,0,1,81,1,,
La55Al25Ni5Cu10Co5,5,La Al Ni Cu Co,55 25 5 10 5,1.6441,1200.0945,7.956107151,1.387,0.331483031,4.45,2.923610781,66400000000,51.6356466,AM,AM,1,0,0,1,81,1,,
La55Al25Ni5Cu15,4,La Al Ni Cu,55 25 5 15,1.64545,1179.583,7.898110185,1.388,0.332995495,4.55,3.106042498,64400000000,47.83137046,AM,AM,1,0,0,1,81,1,,
La55Al25Cu20,3,La Al Cu,55 25 20,1.64705,1161.0715,7.791379275,1.3875,0.332217925,4.6,3.2,62400000000,43.60550424,AM,AM,1,0,0,1,9,1,,
AuPb2,2,Au Pb,1 2,1.647333333,846.1833333,0.10475656,2.4,0.098994949,6.333333333,3.299831646,1.04E+11,82.02438662,IM,IM,0,1,0,2,,____,,
AlEr2,2,Al Er,1 2,1.648,1491.156667,1.990374643,1.363333333,0.174419673,3,0,54666666667,15.08494467,IM,IM,0,1,0,2,,____,,
Ce65Al12.5Ni12.5Cu10,4,Ce Al Ni Cu,65 12.5 12.5 10,1.6488,1164.61075,5.823898958,1.358,0.33499403,4.675,3.117591218,60300000000,58.39957192,AM,AM,1,0,0,1,53,1,,
Mg3Sm1,2,Mg Sm,3 1,1.65325,1028.5375,0.649519053,1.275,0.060621778,2.25,0.433012702,43250000000,3.031088913,IM,IM,0,1,0,2,,____,,
Ce65Al10Ni10Cu10Nb5,5,Ce Al Ni Cu Nb,65 10 10 10 5,1.6533,1235.574,11.5108445,1.35,0.325392071,4.6,2.989983278,62400000000,60.36091451,AM,AM,1,0,0,1,53,1,,
Bi3Pb7,2,Bi Pb,3 7,1.654,583.837,0,2.237,0.142059847,4.3,0.458257569,41500000000,6.873863542,IM,IM,0,1,0,2,,____,,
AlLa,2,Al La,1 1,1.6555,1063.235,0,1.355,0.255,3,0,52000000000,24,IM,IM,0,1,0,2,,____,,
Mg17Sr2,2,Mg Sr,17 2,1.659,936.3684211,0.76510522,1.272105263,0.110481194,2,0,41515151515,10.15999194,IM,IM,0,1,0,2,,____,,
CdIn3Na2,3,Cd In Na,1 3 2,1.660333333,437.535,1.247219129,1.481666667,0.391382876,3.833333333,3.760171391,25765000000,14.10103631,IM,IM,0,1,0,2,,____,,
Ce68Al10Fe2Cu20,4,Ce Al Fe Cu,68 10 2 20,1.66462,1129.401,6.33091158,1.3392,0.32821237,4.7,3.226453161,53960000000,49.93033547,AM,AM,1,0,0,1,54,1,,
Mg2Sm1,2,Mg Sm,2 1,1.670666667,1063.716667,0.314269681,1.263333333,0.065996633,2.333333333,0.471404521,42666666667,3.299831646,IM,IM,0,1,0,2,,____,,
AuPb3,2,Au Pb,1 3,1.673,784.79,0.216506351,2.3825,0.090932667,5.75,3.031088913,89500000000,75.34421013,IM,IM,0,1,0,2,,____,,
Ce70Al10Ni10Cu10,4,Ce Al Ni Cu,70 10 10 10,1.6731,1151.624,5.270318396,1.326,0.323765347,4.5,3.008321791,55000000000,55.60035971,AM,AM,1,0,0,1,53,1,,
SrCaYbMgZnCu,6,Sr Ca Yb Mg Zn Cu,1 1 1 1 1 1,1.683666667,1038.408333,6.147032474,1.318333333,0.349543353,5.333333333,4.384315479,52482323232,43.57005907,AM,AM,1,0,0,1,12,8,,
La66Al14Cu20,3,La Al Cu,66 14 20,1.69622,1189.6198,5.819805672,1.3314,0.332968527,4.6,3.2,57120000000,44.53521753,AM,AM,1,0,0,1,9,1,,
Sr36Al24Co20Y20,4,Sr Al Co Y,36 24 20 20,1.729,1315.4328,11.82112013,1.3484,0.365214238,3.84,2.618090908,66721818182,61.65684605,AM,AM,1,0,0,1,63,1,5mm,Copper mold casting
GdTbDyTmLu,5,Gd Tb Dy Tm Lu,1 1 1 1 1,1.7302,1730.8,0,1.208,0.059126982,3,4.44E-16,42140000000,3.815547143,HCP,SS,0,0,1,3,16,3,,
Ca6.23Mg3.78Sn7,3,Ca Mg Sn,6.23 3.78 7,1.746164609,821.3374486,11.42854752,1.463950617,0.43053994,2.823045267,0.984218991,40094650206,18.23811672,IM,IM,0,1,0,2,,____,,
SrCaYbMgZn0.5Cu0.5,6,Sr Ca Yb Mg Zn Cu,1 1 1 1 0.5 0.5,1.7531,1041.045,5.40348036,1.227,0.305681206,4.1,3.726929031,41978787879,37.02802354,AM,AM,1,0,0,1,108,1,,
SrCaYbLi0.55Mg0.45Zn,6,Sr Ca Yb Li Mg Zn,1 1 1 0.55 0.45 1,1.75578,922.9119,6.663995313,1.1657,0.26122119,4.09,3.992730895,31238787879,21.86301193,AM,AM,1,0,0,1,108,1,,
Sr40Al20Co20Y20,4,Sr Al Co Y,40 20 20 20,1.7578,1320.094,11.63030249,1.322,0.369182882,3.8,2.638181192,64157575758,62.54431861,AM,AM,1,0,0,1,63,1,,
SrCaYbMgZn,5,Sr Ca Yb Mg Zn,1 1 1 1 1,1.7648,974.536,6.454963981,1.202,0.255765518,4.2,3.919183588,34978787879,20.97087403,AM,AM,1,0,0,1,107,1,,
YGdTbDyLu,5,Y Gd Tb Dy Lu,1 1 1 1 1,1.7786,1727,0,1.202,0.056,3,4.44E-16,41340000000,3.541525095,HCP,SS,0,0,1,3,16,3,,
HoDyYGdTb,5,Ho Dy Y Gd Tb,1 1 1 1 1,1.7848,1689.2,0,1.194,0.048,3,4.44E-16,39740000000,1.212600511,HCP,SS,0,0,1,3,88,3,4mm,Copper mold casting
Sr46Al14Co20Y21,4,Sr Al Co Y,46 14 20 20,1.801,1327.0858,11.10199212,1.2824,0.37155651,3.74,2.666908322,60311212121,63.65902888,AM,AM,1,0,0,1,63,1,,
Ca65Mg15Zn20,3,Ca Mg Zn,65 15 20,1.80355,1001.736,4.195021692,1.1765,0.260312793,4,4,31800000000,21.45600149,AM,AM,1,0,0,1,38,8,,
GdHoLaTbY,5,Gd Ho La Tb Y,1 1 1 1 1,1.8058,1590.8,0,1.17,0.057965507,3,4.44E-16,37140000000,4.685979087,HCP,SS,0,0,1,3,42,2,,
Al3Ca8,2,Al Ca,3 8,1.827636364,1065.491818,1.840337898,1.166363636,0.271670681,2.272727273,0.445361771,33090909091,26.27634451,IM,IM,0,1,0,2,,____,,